topic,url
Ablasi Retina,https://www.alodokter.com/komunitas/topic-tag/ablasi-retina
Aborsi,https://www.alodokter.com/komunitas/topic-tag/aborsi
Abortus Imminens,https://www.alodokter.com/komunitas/topic-tag/abortus-imminens
Abses,https://www.alodokter.com/komunitas/topic-tag/abses
Abses Anus,https://www.alodokter.com/komunitas/topic-tag/abses-anus
Abses Gigi,https://www.alodokter.com/komunitas/topic-tag/abses-gigi
Abses Otak,https://www.alodokter.com/komunitas/topic-tag/abses-otak
Abses Paru,https://www.alodokter.com/komunitas/topic-tag/abses-paru
Abses Payudara,https://www.alodokter.com/komunitas/topic-tag/abses-payudara
Acetylcysteine,https://www.alodokter.com/komunitas/topic-tag/acetylcysteine
Acute Respiratory Distress Syndrome,https://www.alodokter.com/komunitas/topic-tag/acute-respiratory-distress-syndrome
Acyclovir,https://www.alodokter.com/komunitas/topic-tag/acyclovir
Adenomiosis,https://www.alodokter.com/komunitas/topic-tag/adenomiosis
Adhd,https://www.alodokter.com/komunitas/topic-tag/adhd
Adhesi Usus,https://www.alodokter.com/komunitas/topic-tag/adhesi-usus
Afasia,https://www.alodokter.com/komunitas/topic-tag/afasia
Agoraphobia,https://www.alodokter.com/komunitas/topic-tag/agoraphobia
Aids,https://www.alodokter.com/komunitas/topic-tag/aids
Akalasia,https://www.alodokter.com/komunitas/topic-tag/akalasia
Albendazole,https://www.alodokter.com/komunitas/topic-tag/albendazole
Albinisme,https://www.alodokter.com/komunitas/topic-tag/albinisme
Albumin,https://www.alodokter.com/komunitas/topic-tag/albumin
Alergi,https://www.alodokter.com/komunitas/topic-tag/alergi
Alergi Cuaca,https://www.alodokter.com/komunitas/topic-tag/alergi-cuaca
Alergi Dingin,https://www.alodokter.com/komunitas/topic-tag/alergi-dingin
Alergi Kulit,https://www.alodokter.com/komunitas/topic-tag/alergi-kulit
Alergi Makanan,https://www.alodokter.com/komunitas/topic-tag/alergi-makanan
Alergi Obat,https://www.alodokter.com/komunitas/topic-tag/alergi-obat
Alergi Susu,https://www.alodokter.com/komunitas/topic-tag/alergi-susu
Alkohol,https://www.alodokter.com/komunitas/topic-tag/alkohol
Allopurinol,https://www.alodokter.com/komunitas/topic-tag/allopurinol
Alopecia Areata,https://www.alodokter.com/komunitas/topic-tag/alopecia-areata
Alprazolam,https://www.alodokter.com/komunitas/topic-tag/alprazolam
Aluminium Hidroksida,https://www.alodokter.com/komunitas/topic-tag/aluminium-hidroksida
Alzheimer,https://www.alodokter.com/komunitas/topic-tag/alzheimer
Amandel,https://www.alodokter.com/komunitas/topic-tag/amandel
Ambroxol,https://www.alodokter.com/komunitas/topic-tag/ambroxol
Amebiasis,https://www.alodokter.com/komunitas/topic-tag/amebiasis
Amenorrhea,https://www.alodokter.com/komunitas/topic-tag/amenorrhea
Aminofilin,https://www.alodokter.com/komunitas/topic-tag/aminofilin
Amitriptyline,https://www.alodokter.com/komunitas/topic-tag/amitriptyline
Amlodipine,https://www.alodokter.com/komunitas/topic-tag/amlodipine
Amnesia,https://www.alodokter.com/komunitas/topic-tag/amnesia
Amoxicillin,https://www.alodokter.com/komunitas/topic-tag/amoxicillin
Ampicillin,https://www.alodokter.com/komunitas/topic-tag/ampicillin
Amputasi,https://www.alodokter.com/komunitas/topic-tag/amputasi
Anak,https://www.alodokter.com/komunitas/topic-tag/anak
Analgetik Antipiretik,https://www.alodokter.com/komunitas/topic-tag/analgetik-antipiretik
Anemia,https://www.alodokter.com/komunitas/topic-tag/anemia
Anemia Aplastik,https://www.alodokter.com/komunitas/topic-tag/anemia-aplastik
Anemia Defisiensi Besi,https://www.alodokter.com/komunitas/topic-tag/anemia-defisiensi-besi
Anemia Defisiensi Vitamin B12 Dan Folat,https://www.alodokter.com/komunitas/topic-tag/anemia-defisiensi-vitamin-b12-dan-folat
Anemia Hemolitik,https://www.alodokter.com/komunitas/topic-tag/anemia-hemolitik
Anemia Sel Sabit,https://www.alodokter.com/komunitas/topic-tag/anemia-sel-sabit
Aneurisma,https://www.alodokter.com/komunitas/topic-tag/aneurisma
Aneurisma Aorta,https://www.alodokter.com/komunitas/topic-tag/aneurisma-aorta
Aneurisma Otak,https://www.alodokter.com/komunitas/topic-tag/aneurisma-otak
Angin Duduk,https://www.alodokter.com/komunitas/topic-tag/angin-duduk
Angina Pektoris,https://www.alodokter.com/komunitas/topic-tag/angina-pektoris
Angioedema,https://www.alodokter.com/komunitas/topic-tag/angioedema
Angiografi,https://www.alodokter.com/komunitas/topic-tag/angiografi
Anhidrosis,https://www.alodokter.com/komunitas/topic-tag/anhidrosis
Ankylosing Spondylitis,https://www.alodokter.com/komunitas/topic-tag/ankylosing-spondylitis
Anoreksia,https://www.alodokter.com/komunitas/topic-tag/anoreksia
Anosmia,https://www.alodokter.com/komunitas/topic-tag/anosmia
Antasida,https://www.alodokter.com/komunitas/topic-tag/antasida
Antibiotik,https://www.alodokter.com/komunitas/topic-tag/antibiotik
Antidepresan,https://www.alodokter.com/komunitas/topic-tag/antidepresan
Antihistamin,https://www.alodokter.com/komunitas/topic-tag/antihistamin
Antijamur,https://www.alodokter.com/komunitas/topic-tag/antijamur
Antikoagulan,https://www.alodokter.com/komunitas/topic-tag/antikoagulan
Antikonvulsan,https://www.alodokter.com/komunitas/topic-tag/antikonvulsan
Antioksidan,https://www.alodokter.com/komunitas/topic-tag/antioksidan
Antiplatelet,https://www.alodokter.com/komunitas/topic-tag/antiplatelet
Antipsikotik,https://www.alodokter.com/komunitas/topic-tag/antipsikotik
Antitetanus,https://www.alodokter.com/komunitas/topic-tag/antitetanus
Anus Gatal,https://www.alodokter.com/komunitas/topic-tag/anus-gatal
Aritmia,https://www.alodokter.com/komunitas/topic-tag/aritmia
Artritis,https://www.alodokter.com/komunitas/topic-tag/artritis
Asam Lambung,https://www.alodokter.com/komunitas/topic-tag/asam-lambung
Asam Mefenamat,https://www.alodokter.com/komunitas/topic-tag/asam-mefenamat
Asam Salisilat,https://www.alodokter.com/komunitas/topic-tag/asam-salisilat
Asam Traneksamat,https://www.alodokter.com/komunitas/topic-tag/asam-traneksamat
Asam Urat,https://www.alodokter.com/komunitas/topic-tag/asam-urat
Asam Valproat,https://www.alodokter.com/komunitas/topic-tag/asam-valproat
Asi,https://www.alodokter.com/komunitas/topic-tag/asi
Asidosis,https://www.alodokter.com/komunitas/topic-tag/asidosis
Asites,https://www.alodokter.com/komunitas/topic-tag/asites
Asma,https://www.alodokter.com/komunitas/topic-tag/asma
Aspirasi Sumsum Tulang,https://www.alodokter.com/komunitas/topic-tag/aspirasi-sumsum-tulang
Aspirin,https://www.alodokter.com/komunitas/topic-tag/aspirin
Astaxanthin,https://www.alodokter.com/komunitas/topic-tag/astaxanthin
Astigmatisme,https://www.alodokter.com/komunitas/topic-tag/astigmatisme
Asuransi,https://www.alodokter.com/komunitas/topic-tag/asuransi
Asuransi Kesehatan Karyawan,https://www.alodokter.com/komunitas/topic-tag/asuransi-kesehatan-karyawan
Ataksia,https://www.alodokter.com/komunitas/topic-tag/ataksia
Ataksia,https://www.alodokter.com/komunitas/topic-tag/ataxia
Ateroma,https://www.alodokter.com/komunitas/topic-tag/ateroma
Aterosklerosis,https://www.alodokter.com/komunitas/topic-tag/aterosklerosis
Atorvastatin,https://www.alodokter.com/komunitas/topic-tag/atorvastatin
Atresia Ani,https://www.alodokter.com/komunitas/topic-tag/atresia-ani
Atrofi Otot,https://www.alodokter.com/komunitas/topic-tag/atrofi-otot
Attapulgite,https://www.alodokter.com/komunitas/topic-tag/attapulgite
Autisme,https://www.alodokter.com/komunitas/topic-tag/autisme
Autoimun,https://www.alodokter.com/komunitas/topic-tag/autoimun
Azithromycin,https://www.alodokter.com/komunitas/topic-tag/azithromycin
Bab Berdarah,https://www.alodokter.com/komunitas/topic-tag/bab-berdarah
Balanitis,https://www.alodokter.com/komunitas/topic-tag/balanitis
Barotrauma,https://www.alodokter.com/komunitas/topic-tag/barotrauma
Batu Empedu,https://www.alodokter.com/komunitas/topic-tag/batu-empedu
Batu Ginjal,https://www.alodokter.com/komunitas/topic-tag/batu-ginjal
Batu Kandung Kemih,https://www.alodokter.com/komunitas/topic-tag/batu-kandung-kemih
Batu Kelenjar Air Liur,https://www.alodokter.com/komunitas/topic-tag/batu-kelenjar-air-liur
Batu Saluran Kemih,https://www.alodokter.com/komunitas/topic-tag/batu-saluran-kemih
Batuk,https://www.alodokter.com/komunitas/topic-tag/batuk
Batuk Berdahak,https://www.alodokter.com/komunitas/topic-tag/batuk-berdahak
Batuk Berdarah,https://www.alodokter.com/komunitas/topic-tag/batuk-berdarah
Batuk Darah,https://www.alodokter.com/komunitas/topic-tag/batuk-darah
Batuk Kering,https://www.alodokter.com/komunitas/topic-tag/batuk-kering
Batuk Kronis,https://www.alodokter.com/komunitas/topic-tag/batuk-kronis
Batuk Pilek,https://www.alodokter.com/komunitas/topic-tag/batuk-pilek
Batuk Rejan,https://www.alodokter.com/komunitas/topic-tag/batuk-rejan
Bau,https://www.alodokter.com/komunitas/topic-tag/bau
Bau Badan,https://www.alodokter.com/komunitas/topic-tag/bau-badan
Bau Mulut,https://www.alodokter.com/komunitas/topic-tag/bau-mulut
Bayi,https://www.alodokter.com/komunitas/topic-tag/bayi
Bayi Tabung,https://www.alodokter.com/komunitas/topic-tag/bayi-tabung
Bedah Mulut,https://www.alodokter.com/komunitas/topic-tag/bedah-mulut
Bedah Ortopedi,https://www.alodokter.com/komunitas/topic-tag/bedah-ortopedi
Bedah Plastik,https://www.alodokter.com/komunitas/topic-tag/bedah-plastik
Bedah Saraf,https://www.alodokter.com/komunitas/topic-tag/bedah-saraf
Bekas Luka,https://www.alodokter.com/komunitas/topic-tag/bekas-luka
Bell's Palsy,https://www.alodokter.com/komunitas/topic-tag/bells-palsy
Bengkak,https://www.alodokter.com/komunitas/topic-tag/bengkak
Benjolan,https://www.alodokter.com/komunitas/topic-tag/benjolan
Benjolan Payudara,https://www.alodokter.com/komunitas/topic-tag/benjolan-payudara
Benzodiazepine,https://www.alodokter.com/komunitas/topic-tag/benzodiazepine
Benzoyl Peroxide,https://www.alodokter.com/komunitas/topic-tag/benzoyl-peroxide
Berat Badan Berlebih,https://www.alodokter.com/komunitas/topic-tag/berat-badan-berlebih
Berat Badan Lahir Rendah,https://www.alodokter.com/komunitas/topic-tag/berat-badan-lahir-rendah
Bersalin,https://www.alodokter.com/komunitas/topic-tag/bersalin
Besi,https://www.alodokter.com/komunitas/topic-tag/besi
Betahistine,https://www.alodokter.com/komunitas/topic-tag/betahistine
Betametason,https://www.alodokter.com/komunitas/topic-tag/betametason
Betametason Topikal,https://www.alodokter.com/komunitas/topic-tag/betametason-topikal
Biang Keringat,https://www.alodokter.com/komunitas/topic-tag/biang-keringat
Bibir,https://www.alodokter.com/komunitas/topic-tag/bibir
Bibir Sumbing,https://www.alodokter.com/komunitas/topic-tag/bibir-sumbing
Bidai Tulang Kering,https://www.alodokter.com/komunitas/topic-tag/bidai-tulang-kering
Biduran,https://www.alodokter.com/komunitas/topic-tag/biduran
Bintitan,https://www.alodokter.com/komunitas/topic-tag/bintitan
Biopsi Mulut,https://www.alodokter.com/komunitas/topic-tag/biopsi-mulut
Biotin,https://www.alodokter.com/komunitas/topic-tag/biotin
Bipolar,https://www.alodokter.com/komunitas/topic-tag/bipolar
Bisacodyl,https://www.alodokter.com/komunitas/topic-tag/bisacodyl
Bisoprolol,https://www.alodokter.com/komunitas/topic-tag/bisoprolol
Bisul,https://www.alodokter.com/komunitas/topic-tag/bisul
Blefaritis,https://www.alodokter.com/komunitas/topic-tag/blefaritis
Blighted Ovum,https://www.alodokter.com/komunitas/topic-tag/blighted-ovum
Botak,https://www.alodokter.com/komunitas/topic-tag/botak
Bpd,https://www.alodokter.com/komunitas/topic-tag/bpd
Bph,https://www.alodokter.com/komunitas/topic-tag/bph
Bradikardia,https://www.alodokter.com/komunitas/topic-tag/bradikardia
Bromhexine,https://www.alodokter.com/komunitas/topic-tag/bromhexine
Bromocriptine,https://www.alodokter.com/komunitas/topic-tag/bromocriptine
Bronkiektasis,https://www.alodokter.com/komunitas/topic-tag/bronkiektasis
Bronkiolitis,https://www.alodokter.com/komunitas/topic-tag/bronkiolitis
Bronkitis,https://www.alodokter.com/komunitas/topic-tag/bronkitis
Bronkodilator,https://www.alodokter.com/komunitas/topic-tag/bronkodilator
Bruxism,https://www.alodokter.com/komunitas/topic-tag/bruxism
Bulimia,https://www.alodokter.com/komunitas/topic-tag/bulimia
Bunion,https://www.alodokter.com/komunitas/topic-tag/bunion
Bunuh Diri,https://www.alodokter.com/komunitas/topic-tag/bunuh-diri
Bursitis,https://www.alodokter.com/komunitas/topic-tag/bursitis
Buta,https://www.alodokter.com/komunitas/topic-tag/buta
Buta Warna,https://www.alodokter.com/komunitas/topic-tag/buta-warna
Cabut Gigi,https://www.alodokter.com/komunitas/topic-tag/cabut-gigi
Cacar Air,https://www.alodokter.com/komunitas/topic-tag/cacar-air
Cacar Monyet,https://www.alodokter.com/komunitas/topic-tag/cacar-monyet
Cacing Kremi,https://www.alodokter.com/komunitas/topic-tag/cacing-kremi
Cacingan,https://www.alodokter.com/komunitas/topic-tag/cacingan
Campak,https://www.alodokter.com/komunitas/topic-tag/campak
Candesartan,https://www.alodokter.com/komunitas/topic-tag/candesartan
Candidiasis,https://www.alodokter.com/komunitas/topic-tag/candidiasis
Cantengan,https://www.alodokter.com/komunitas/topic-tag/cantengan
Captopril,https://www.alodokter.com/komunitas/topic-tag/captopril
Carbamazepine,https://www.alodokter.com/komunitas/topic-tag/carbamazepine
Carpal Tunnel Syndrome,https://www.alodokter.com/komunitas/topic-tag/carpal-tunnel-syndrome
Cedera,https://www.alodokter.com/komunitas/topic-tag/cedera
Cedera Hamstring,https://www.alodokter.com/komunitas/topic-tag/cedera-hamstring
Cedera Kepala,https://www.alodokter.com/komunitas/topic-tag/cedera-kepala
Cedera Kepala Berat,https://www.alodokter.com/komunitas/topic-tag/cedera-kepala-berat
Cedera Kepala Ringan,https://www.alodokter.com/komunitas/topic-tag/cedera-kepala-ringan
Cedera Ligamen Lutut Anterior,https://www.alodokter.com/komunitas/topic-tag/cedera-ligamen-lutut-anterior
Cedera Otot,https://www.alodokter.com/komunitas/topic-tag/cedera-otot
Cedera Saraf Tulang Belakang,https://www.alodokter.com/komunitas/topic-tag/cedera-saraf-tulang-belakang
Cefadroxil,https://www.alodokter.com/komunitas/topic-tag/cefadroxil
Cefixime,https://www.alodokter.com/komunitas/topic-tag/cefixime
Cegukan,https://www.alodokter.com/komunitas/topic-tag/cegukan
Cek Golongan Darah,https://www.alodokter.com/komunitas/topic-tag/cek-golongan-darah
Cerebral Palsy,https://www.alodokter.com/komunitas/topic-tag/cerebral-palsy
Cetirizine,https://www.alodokter.com/komunitas/topic-tag/cetirizine
Chikungunya,https://www.alodokter.com/komunitas/topic-tag/chikungunya
Chlamydia,https://www.alodokter.com/komunitas/topic-tag/chlamydia
Chloramphenicol,https://www.alodokter.com/komunitas/topic-tag/chloramphenicol
Chlorpheniramine,https://www.alodokter.com/komunitas/topic-tag/chlorpheniramine
Chlorpromazine,https://www.alodokter.com/komunitas/topic-tag/chlorpromazine
Cimetidine,https://www.alodokter.com/komunitas/topic-tag/cimetidine
Ciprofloxacin,https://www.alodokter.com/komunitas/topic-tag/ciprofloxacin
Citicoline,https://www.alodokter.com/komunitas/topic-tag/citicoline
Clindamycin,https://www.alodokter.com/komunitas/topic-tag/clindamycin
Clobazam,https://www.alodokter.com/komunitas/topic-tag/clobazam
Clomifene,https://www.alodokter.com/komunitas/topic-tag/clomifene
Clonazepam,https://www.alodokter.com/komunitas/topic-tag/clonazepam
Clonidine,https://www.alodokter.com/komunitas/topic-tag/clonidine
Clopidogrel,https://www.alodokter.com/komunitas/topic-tag/clopidogrel
Clotrimazole,https://www.alodokter.com/komunitas/topic-tag/clotrimazole
Clozapine,https://www.alodokter.com/komunitas/topic-tag/clozapine
Codeine,https://www.alodokter.com/komunitas/topic-tag/codeine
Craniosynostosis,https://www.alodokter.com/komunitas/topic-tag/craniosynostosis
Crohn's Disease,https://www.alodokter.com/komunitas/topic-tag/crohns-disease
Croup,https://www.alodokter.com/komunitas/topic-tag/croup
Ct Scan,https://www.alodokter.com/komunitas/topic-tag/ct-scanning
Cuci Darah,https://www.alodokter.com/komunitas/topic-tag/cuci-darah
Cutaneous Larva Migrans,https://www.alodokter.com/komunitas/topic-tag/cutaneous-larva-migrans
Cystic Fibrosis,https://www.alodokter.com/komunitas/topic-tag/cystic-fibrosis
Cystitis,https://www.alodokter.com/komunitas/topic-tag/cystitis
Cytomegalovirus,https://www.alodokter.com/komunitas/topic-tag/cytomegalovirus
Darah,https://www.alodokter.com/komunitas/topic-tag/darah
Deep Vein Thrombosis,https://www.alodokter.com/komunitas/topic-tag/deep-vein-thrombosis
Defek Septum Ventrikel,https://www.alodokter.com/komunitas/topic-tag/defek-septum-ventrikel
Defisiensi G6 Pd,https://www.alodokter.com/komunitas/topic-tag/defisiensi-g6pd
Degenerasi Makula,https://www.alodokter.com/komunitas/topic-tag/degenerasi-makula
Dehidrasi,https://www.alodokter.com/komunitas/topic-tag/dehidrasi
Dekongestan,https://www.alodokter.com/komunitas/topic-tag/dekongestan
Delirium,https://www.alodokter.com/komunitas/topic-tag/delirium
Demam,https://www.alodokter.com/komunitas/topic-tag/demam
Demam Berdarah,https://www.alodokter.com/komunitas/topic-tag/demam-berdarah
Demam Pada Anak,https://www.alodokter.com/komunitas/topic-tag/demam-pada-anak
Demam Rematik,https://www.alodokter.com/komunitas/topic-tag/demam-rematik
Demensia,https://www.alodokter.com/komunitas/topic-tag/demensia
Depresi,https://www.alodokter.com/komunitas/topic-tag/depresi
Dermatitis,https://www.alodokter.com/komunitas/topic-tag/dermatitis
Dermatitis Atopik,https://www.alodokter.com/komunitas/topic-tag/dermatitis-atopik
Dermatitis Kontak,https://www.alodokter.com/komunitas/topic-tag/dermatitis-kontak
Dermatitis Kontak Iritan,https://www.alodokter.com/komunitas/topic-tag/dermatitis-kontak-iritan
Dermatitis Numularis,https://www.alodokter.com/komunitas/topic-tag/dermatitis-numularis
Dermatitis Seboroik,https://www.alodokter.com/komunitas/topic-tag/dermatitis-seboroik
Dermatographia,https://www.alodokter.com/komunitas/topic-tag/dermatographia
Desoximetasone,https://www.alodokter.com/komunitas/topic-tag/desoximetasone
Dexamethasone,https://www.alodokter.com/komunitas/topic-tag/dexamethasone
Dextromethorphan,https://www.alodokter.com/komunitas/topic-tag/dextromethorphan
Diabetes,https://www.alodokter.com/komunitas/topic-tag/diabetes
Diabetes Gestasional,https://www.alodokter.com/komunitas/topic-tag/diabetes-gestasional
Diabetes Insipidus,https://www.alodokter.com/komunitas/topic-tag/diabetes-insipidus
Diabetes Tipe 1,https://www.alodokter.com/komunitas/topic-tag/diabetes-tipe-1
Diabetes Tipe 2,https://www.alodokter.com/komunitas/topic-tag/diabetes-tipe-2
Diare,https://www.alodokter.com/komunitas/topic-tag/diare
Diazepam,https://www.alodokter.com/komunitas/topic-tag/diazepam
Diclofenac,https://www.alodokter.com/komunitas/topic-tag/diclofenac
Diet,https://www.alodokter.com/komunitas/topic-tag/diet
Difteri,https://www.alodokter.com/komunitas/topic-tag/difteri
Digoxin,https://www.alodokter.com/komunitas/topic-tag/digoxin
Dimenhydrinate,https://www.alodokter.com/komunitas/topic-tag/dimenhydrinate
Disentri,https://www.alodokter.com/komunitas/topic-tag/disentri
Disfagia,https://www.alodokter.com/komunitas/topic-tag/disfagia
Disfungsi Ereksi,https://www.alodokter.com/komunitas/topic-tag/disfungsi-ereksi
Disfungsi Seksual,https://www.alodokter.com/komunitas/topic-tag/disfungsi-seksual
Disleksia,https://www.alodokter.com/komunitas/topic-tag/disleksia
Dislokasi,https://www.alodokter.com/komunitas/topic-tag/dislokasi
Dislokasi Bahu,https://www.alodokter.com/komunitas/topic-tag/dislokasi-bahu
Dispareunia,https://www.alodokter.com/komunitas/topic-tag/dispareunia
Dispepsia,https://www.alodokter.com/komunitas/topic-tag/dispepsia
Diuretik,https://www.alodokter.com/komunitas/topic-tag/diuretik
Diverkulitis,https://www.alodokter.com/komunitas/topic-tag/diverkulitis
Divertikulitis,https://www.alodokter.com/komunitas/topic-tag/divertikulitis
Domperidone,https://www.alodokter.com/komunitas/topic-tag/domperidone
Donor Darah,https://www.alodokter.com/komunitas/topic-tag/donor-darah
Down Syndrome,https://www.alodokter.com/komunitas/topic-tag/down-syndrome
Doxycycline,https://www.alodokter.com/komunitas/topic-tag/doxycycline
Dry Socket,https://www.alodokter.com/komunitas/topic-tag/dry-socket
Disartria,https://www.alodokter.com/komunitas/topic-tag/dysartria
Dyspareunia,https://www.alodokter.com/komunitas/topic-tag/dyspareunia
Dystonia,https://www.alodokter.com/komunitas/topic-tag/dystonia
E. Coli,https://www.alodokter.com/komunitas/topic-tag/e-coli
Ebola,https://www.alodokter.com/komunitas/topic-tag/ebola
Edema,https://www.alodokter.com/komunitas/topic-tag/edema
Edema Ekstremitas,https://www.alodokter.com/komunitas/topic-tag/edema-ekstremitas
Edema Paru,https://www.alodokter.com/komunitas/topic-tag/edema-paru
Efusi Perikardium,https://www.alodokter.com/komunitas/topic-tag/efusi-perikardium
Efusi Pleura,https://www.alodokter.com/komunitas/topic-tag/efusi-pleura
Ejakulasi Dini,https://www.alodokter.com/komunitas/topic-tag/ejakulasi-dini
Eklamsia,https://www.alodokter.com/komunitas/topic-tag/eklamsia
Ekokardiografi,https://www.alodokter.com/komunitas/topic-tag/ekokardiografi
Eksim,https://www.alodokter.com/komunitas/topic-tag/eksim
Elektrokardiografi,https://www.alodokter.com/komunitas/topic-tag/elektrokardiografi
Emboli,https://www.alodokter.com/komunitas/topic-tag/emboli
Emboli Paru,https://www.alodokter.com/komunitas/topic-tag/emboli-paru
Emfisema,https://www.alodokter.com/komunitas/topic-tag/emfisema
Endokarditis,https://www.alodokter.com/komunitas/topic-tag/endokarditis
Endometriosis,https://www.alodokter.com/komunitas/topic-tag/endometriosis
Endoskopi,https://www.alodokter.com/komunitas/topic-tag/endoskopi
Ensefalopati,https://www.alodokter.com/komunitas/topic-tag/ensefalopati
Entropion,https://www.alodokter.com/komunitas/topic-tag/entropion
Eperisone,https://www.alodokter.com/komunitas/topic-tag/eperisone
Epididimitis,https://www.alodokter.com/komunitas/topic-tag/epididimitis
Epiglotitis,https://www.alodokter.com/komunitas/topic-tag/epiglotitis
Epilepsi,https://www.alodokter.com/komunitas/topic-tag/epilepsi
Episkleritis,https://www.alodokter.com/komunitas/topic-tag/episkleritis
Erosi Serviks,https://www.alodokter.com/komunitas/topic-tag/erosi-serviks
Erythromycin,https://www.alodokter.com/komunitas/topic-tag/erythromycin
Esofagitis,https://www.alodokter.com/komunitas/topic-tag/esofagitis
Estradiol,https://www.alodokter.com/komunitas/topic-tag/estradiol
Estrogen,https://www.alodokter.com/komunitas/topic-tag/estrogen
Eswl,https://www.alodokter.com/komunitas/topic-tag/eswl
Ethambutol,https://www.alodokter.com/komunitas/topic-tag/ethambutol
Faringitis,https://www.alodokter.com/komunitas/topic-tag/faringitis
Fasikulasi,https://www.alodokter.com/komunitas/topic-tag/fasikulasi
Fatty Liver,https://www.alodokter.com/komunitas/topic-tag/fatty-liver
Fenilketonuria,https://www.alodokter.com/komunitas/topic-tag/fenilketonuria
Fenofibrate,https://www.alodokter.com/komunitas/topic-tag/fenofibrate
Fibroadenoma,https://www.alodokter.com/komunitas/topic-tag/fibroadenoma
Fibromyalgia,https://www.alodokter.com/komunitas/topic-tag/fibromyalgia
Fibrosis Paru,https://www.alodokter.com/komunitas/topic-tag/fibrosis-paru
Filariasis,https://www.alodokter.com/komunitas/topic-tag/filariasis
Fimosis,https://www.alodokter.com/komunitas/topic-tag/fimosis
Finasteride,https://www.alodokter.com/komunitas/topic-tag/finasteride
Fisioterapi,https://www.alodokter.com/komunitas/topic-tag/fisioterapi
Fistula Ani,https://www.alodokter.com/komunitas/topic-tag/fistula-ani
Fisura Ani,https://www.alodokter.com/komunitas/topic-tag/fisura-ani
Flek Hitam,https://www.alodokter.com/komunitas/topic-tag/flek-hitam
Floaters,https://www.alodokter.com/komunitas/topic-tag/floaters
Flu,https://www.alodokter.com/komunitas/topic-tag/flu
Flu Burung,https://www.alodokter.com/komunitas/topic-tag/flu-burung
Flu Singapura,https://www.alodokter.com/komunitas/topic-tag/flu-singapura
Fluconazole,https://www.alodokter.com/komunitas/topic-tag/fluconazole
Fluoxetine,https://www.alodokter.com/komunitas/topic-tag/fluoxetine
Fobia,https://www.alodokter.com/komunitas/topic-tag/fobia
Folikulitis,https://www.alodokter.com/komunitas/topic-tag/folikulitis
Foto Rontgen,https://www.alodokter.com/komunitas/topic-tag/foto-rontgen
Fotofobia,https://www.alodokter.com/komunitas/topic-tag/fotofobia
Frozen Shoulder,https://www.alodokter.com/komunitas/topic-tag/frozen-shoulder
Furosemide,https://www.alodokter.com/komunitas/topic-tag/furosemide
Furunkel,https://www.alodokter.com/komunitas/topic-tag/furunkel
Gabapentin,https://www.alodokter.com/komunitas/topic-tag/gabapentin
Gagal Ginjal,https://www.alodokter.com/komunitas/topic-tag/gagal-ginjal
Gagal Ginjal Akut,https://www.alodokter.com/komunitas/topic-tag/gagal-ginjal-akut
Gagal Hati,https://www.alodokter.com/komunitas/topic-tag/gagal-hati
Gagal Jantung,https://www.alodokter.com/komunitas/topic-tag/gagal-jantung
Gagap,https://www.alodokter.com/komunitas/topic-tag/gagap
Ganggguan Pencernaan,https://www.alodokter.com/komunitas/topic-tag/ganggguan-pencernaan
Gangguan Elektrolit,https://www.alodokter.com/komunitas/topic-tag/gangguan-elektrolit
Gangguan Jiwa,https://www.alodokter.com/komunitas/topic-tag/gangguan-jiwa
Gangguan Kecemasan Sosial,https://www.alodokter.com/komunitas/topic-tag/gangguan-kecemasan-sosial-1
Gangguan Kecemasan Umum,https://www.alodokter.com/komunitas/topic-tag/gangguan-kecemasan-umum
Gangguan Kehamilan,https://www.alodokter.com/komunitas/topic-tag/gangguan-kehamilan
Gangguan Kepribadian,https://www.alodokter.com/komunitas/topic-tag/gangguan-kepribadian
Gangguan Makan,https://www.alodokter.com/komunitas/topic-tag/gangguan-makan
Gangguan Mental,https://www.alodokter.com/komunitas/topic-tag/gangguan-mental
Gangguan Metabolik,https://www.alodokter.com/komunitas/topic-tag/gangguan-metabolik
Gangguan Panik,https://www.alodokter.com/komunitas/topic-tag/gangguan-panik
Gangguan Pencernaan,https://www.alodokter.com/komunitas/topic-tag/gangguan-pencernaan
Gangguan Pendengaran,https://www.alodokter.com/komunitas/topic-tag/gangguan-pendengaran
Gangguan Penglihatan,https://www.alodokter.com/komunitas/topic-tag/gangguan-penglihatan
Gangguan Pernapasan,https://www.alodokter.com/komunitas/topic-tag/gangguan-pernapasan
Gangguan Tidur,https://www.alodokter.com/komunitas/topic-tag/gangguan-tidur
Gangguan Tidur Berjalan,https://www.alodokter.com/komunitas/topic-tag/gangguan-tidur-berjalan
Ganglion,https://www.alodokter.com/komunitas/topic-tag/ganglion
Gangrene,https://www.alodokter.com/komunitas/topic-tag/gangrene
Gastric Volvulus,https://www.alodokter.com/komunitas/topic-tag/gastric-volvulus
Gastritis,https://www.alodokter.com/komunitas/topic-tag/gastritis
Gastroenteritis,https://www.alodokter.com/komunitas/topic-tag/gastroenteritis
Gastroparesis,https://www.alodokter.com/komunitas/topic-tag/gastroparesis
Gastroschisis,https://www.alodokter.com/komunitas/topic-tag/gastroschisis
Gatal,https://www.alodokter.com/komunitas/topic-tag/gatal
Gawat Janin,https://www.alodokter.com/komunitas/topic-tag/gawat-janin
Gegar Otak,https://www.alodokter.com/komunitas/topic-tag/gegar-otak
Gemetar,https://www.alodokter.com/komunitas/topic-tag/gemetar
Gendang Telinga Pecah,https://www.alodokter.com/komunitas/topic-tag/gendang-telinga-pecah
Genetik,https://www.alodokter.com/komunitas/topic-tag/genetik
Gentamicin,https://www.alodokter.com/komunitas/topic-tag/gentamicin
Gerd,https://www.alodokter.com/komunitas/topic-tag/gerd
Giardiasis,https://www.alodokter.com/komunitas/topic-tag/giardiasis
Gigantisme,https://www.alodokter.com/komunitas/topic-tag/gigantisme
Gigi,https://www.alodokter.com/komunitas/topic-tag/gigi
Gigi Berlubang,https://www.alodokter.com/komunitas/topic-tag/gigi-berlubang
Gigi Bungsu,https://www.alodokter.com/komunitas/topic-tag/gigi-bungsu
Gigi Palsu,https://www.alodokter.com/komunitas/topic-tag/gigi-palsu
Gigi Sensitif,https://www.alodokter.com/komunitas/topic-tag/gigi-sensitif
Gigitan Hewan,https://www.alodokter.com/komunitas/topic-tag/gigitan-hewan
Gigitan Serangga,https://www.alodokter.com/komunitas/topic-tag/gigitan-serangga
Ginekomastia,https://www.alodokter.com/komunitas/topic-tag/ginekomastia
Gingivitis,https://www.alodokter.com/komunitas/topic-tag/gingivitis
Gizi Buruk,https://www.alodokter.com/komunitas/topic-tag/gizi-buruk
Glaukoma,https://www.alodokter.com/komunitas/topic-tag/glaukoma
Glibenclamide,https://www.alodokter.com/komunitas/topic-tag/glibenclamide
Glimepiride,https://www.alodokter.com/komunitas/topic-tag/glimepiride
Glomerulonefritis,https://www.alodokter.com/komunitas/topic-tag/glomerulonefritis
Golongan Darah,https://www.alodokter.com/komunitas/topic-tag/golongan-darah
Gondok,https://www.alodokter.com/komunitas/topic-tag/gondok
Gondongan,https://www.alodokter.com/komunitas/topic-tag/gondongan
Gonore,https://www.alodokter.com/komunitas/topic-tag/gonore
Griseofulvin,https://www.alodokter.com/komunitas/topic-tag/griseofulvin
Gusi,https://www.alodokter.com/komunitas/topic-tag/gusi
Gusi Bengkak,https://www.alodokter.com/komunitas/topic-tag/gusi-bengkak
Gusi Berdarah,https://www.alodokter.com/komunitas/topic-tag/gusi-berdarah
Haid,https://www.alodokter.com/komunitas/topic-tag/haid
Haloperidol,https://www.alodokter.com/komunitas/topic-tag/haloperidol
Halusinasi,https://www.alodokter.com/komunitas/topic-tag/halusinasi
Hamil,https://www.alodokter.com/komunitas/topic-tag/hamil
Hamil Anggur,https://www.alodokter.com/komunitas/topic-tag/hamil-anggur
Hasil Lab,https://www.alodokter.com/komunitas/topic-tag/hasil-lab
Hcg,https://www.alodokter.com/komunitas/topic-tag/hcg
Hemangioma,https://www.alodokter.com/komunitas/topic-tag/hemangioma
Hematochezia,https://www.alodokter.com/komunitas/topic-tag/hematochezia
Hematoma,https://www.alodokter.com/komunitas/topic-tag/hematoma
Hematuria,https://www.alodokter.com/komunitas/topic-tag/hematuria
Hemiparesis,https://www.alodokter.com/komunitas/topic-tag/hemiparesis
Hemofilia,https://www.alodokter.com/komunitas/topic-tag/hemofilia
Hemoptisis,https://www.alodokter.com/komunitas/topic-tag/hemoptisis
Henoch Schonlein Purpura,https://www.alodokter.com/komunitas/topic-tag/henoch-schonlein-purpura
Henti Jantung Mendadak,https://www.alodokter.com/komunitas/topic-tag/henti-jantung-mendadak
Heparin,https://www.alodokter.com/komunitas/topic-tag/heparin
Hepatitis,https://www.alodokter.com/komunitas/topic-tag/hepatitis
Hepatitis A,https://www.alodokter.com/komunitas/topic-tag/hepatitis-a
Hepatitis B,https://www.alodokter.com/komunitas/topic-tag/hepatitis-b
Hepatitis C,https://www.alodokter.com/komunitas/topic-tag/hepatitis-c
Hepatomegali,https://www.alodokter.com/komunitas/topic-tag/hepatomegali
Herbal,https://www.alodokter.com/komunitas/topic-tag/herbal
Hernia,https://www.alodokter.com/komunitas/topic-tag/hernia
Hernia Femoralis,https://www.alodokter.com/komunitas/topic-tag/hernia-femoralis
Hernia Hiatus,https://www.alodokter.com/komunitas/topic-tag/hernia-hiatus
Hernia Inguinalis,https://www.alodokter.com/komunitas/topic-tag/hernia-inguinalis
Hernia Umbilikalis,https://www.alodokter.com/komunitas/topic-tag/hernia-umbilikalis
Herpes,https://www.alodokter.com/komunitas/topic-tag/herpes
Herpes Genital,https://www.alodokter.com/komunitas/topic-tag/herpes-genital
Herpes Labialis,https://www.alodokter.com/komunitas/topic-tag/herpes-labialis
Herpes Simpleks,https://www.alodokter.com/komunitas/topic-tag/herpes-simpleks
Herpes Zoster,https://www.alodokter.com/komunitas/topic-tag/herpes-zoster
Hidradenitis,https://www.alodokter.com/komunitas/topic-tag/hidradenitis
Hidradenitis Suppurativa,https://www.alodokter.com/komunitas/topic-tag/hidradenitis-suppurativa
Hidrokel,https://www.alodokter.com/komunitas/topic-tag/hidrokel
Hidronefrosis,https://www.alodokter.com/komunitas/topic-tag/hidronefrosis
Hidrosefalus,https://www.alodokter.com/komunitas/topic-tag/hidrosefalus
Hidung,https://www.alodokter.com/komunitas/topic-tag/hidung
Hidung Tersumbat,https://www.alodokter.com/komunitas/topic-tag/hidung-tersumbat
Hifema,https://www.alodokter.com/komunitas/topic-tag/hifema
Hilang Ingatan,https://www.alodokter.com/komunitas/topic-tag/hilang-ingatan
Hiperemesis Gravidarum,https://www.alodokter.com/komunitas/topic-tag/hiperemesis-gravidarum
Hiperhidrosis,https://www.alodokter.com/komunitas/topic-tag/hiperhidrosis
Hiperkalemia,https://www.alodokter.com/komunitas/topic-tag/hiperkalemia
Hiperkolesterolemia,https://www.alodokter.com/komunitas/topic-tag/hiperkolesterolemia
Hiperpigmentasi,https://www.alodokter.com/komunitas/topic-tag/hiperpigmentasi
Hiperprolaktinemia,https://www.alodokter.com/komunitas/topic-tag/hiperprolaktinemia
Hipersalivasi,https://www.alodokter.com/komunitas/topic-tag/hipersalivasi
Hipertensi,https://www.alodokter.com/komunitas/topic-tag/hipertensi
Hipertensi Pulmonal,https://www.alodokter.com/komunitas/topic-tag/hipertensi-pulmonal
Hipertermia,https://www.alodokter.com/komunitas/topic-tag/hipertermia
Hipertiroid,https://www.alodokter.com/komunitas/topic-tag/hipertiroid
Hipertiroidisme,https://www.alodokter.com/komunitas/topic-tag/hipertiroidisme
Hipoglikemia,https://www.alodokter.com/komunitas/topic-tag/hipoglikemia
Hipogonadisme,https://www.alodokter.com/komunitas/topic-tag/hipogonadisme
Hipokalemia,https://www.alodokter.com/komunitas/topic-tag/hipokalemia
Hipokondria,https://www.alodokter.com/komunitas/topic-tag/hipokondria
Hipoksia,https://www.alodokter.com/komunitas/topic-tag/hipoksia
Hiponatremia,https://www.alodokter.com/komunitas/topic-tag/hiponatremia
Hipoplasia Uteri,https://www.alodokter.com/komunitas/topic-tag/hipoplasia-uteri
Hipospadia,https://www.alodokter.com/komunitas/topic-tag/hipospadia
Hipotensi,https://www.alodokter.com/komunitas/topic-tag/hipotensi
Hipotensi Ortostatik,https://www.alodokter.com/komunitas/topic-tag/hipotensi-ortostatik
Hipotermia,https://www.alodokter.com/komunitas/topic-tag/hipotermia
Hipotiroid,https://www.alodokter.com/komunitas/topic-tag/hipotiroid
Hipotiroidisme,https://www.alodokter.com/komunitas/topic-tag/hipotiroidisme
Hirsutisme,https://www.alodokter.com/komunitas/topic-tag/hirsutisme
Histerektomi,https://www.alodokter.com/komunitas/topic-tag/histerektomi
Histerosalpingografi,https://www.alodokter.com/komunitas/topic-tag/histerosalpingografi
Hitung Darah Lengkap,https://www.alodokter.com/komunitas/topic-tag/hitung-darah-lengkap
Hiv,https://www.alodokter.com/komunitas/topic-tag/hiv
Hnp (Hernia Nucleus Pulposus),https://www.alodokter.com/komunitas/topic-tag/hnp-hernia-nucleus-pulposus
Hordeolum,https://www.alodokter.com/komunitas/topic-tag/hordeolum
Hormon,https://www.alodokter.com/komunitas/topic-tag/hormon
Hpv,https://www.alodokter.com/komunitas/topic-tag/hpv
Hpv Dna,https://www.alodokter.com/komunitas/topic-tag/hpv-dna
Hubungan Intim,https://www.alodokter.com/komunitas/topic-tag/hubungan-intim
Hydrocortisone,https://www.alodokter.com/komunitas/topic-tag/hydrocortisone
Hydroquinone,https://www.alodokter.com/komunitas/topic-tag/hydroquinone
Hypoalbuminemia,https://www.alodokter.com/komunitas/topic-tag/hypoalbuminemia
Ibu Hamil,https://www.alodokter.com/komunitas/topic-tag/ibu-hamil
Ibuprofen,https://www.alodokter.com/komunitas/topic-tag/ibuprofen
Ileus Paralitik,https://www.alodokter.com/komunitas/topic-tag/ileus-paralitik
Impaksi Gigi,https://www.alodokter.com/komunitas/topic-tag/impaksi-gigi-2
Impetigo,https://www.alodokter.com/komunitas/topic-tag/impetigo
Impotensi,https://www.alodokter.com/komunitas/topic-tag/impotensi
Imunisasi,https://www.alodokter.com/komunitas/topic-tag/imunisasi
Infeksi,https://www.alodokter.com/komunitas/topic-tag/infeksi
Infeksi Bakteri,https://www.alodokter.com/komunitas/topic-tag/infeksi-bakteri
Infeksi Cacing Tambang,https://www.alodokter.com/komunitas/topic-tag/infeksi-cacing-tambang
Infeksi Gigi,https://www.alodokter.com/komunitas/topic-tag/infeksi-gigi
Infeksi Ginjal,https://www.alodokter.com/komunitas/topic-tag/infeksi-ginjal
Infeksi Gusi,https://www.alodokter.com/komunitas/topic-tag/infeksi-gusi
Infeksi Helicobacter Pylori,https://www.alodokter.com/komunitas/topic-tag/infeksi-helicobacter-pylori
Infeksi Jamur,https://www.alodokter.com/komunitas/topic-tag/infeksi-jamur
Infeksi Kandung Kemih,https://www.alodokter.com/komunitas/topic-tag/infeksi-kandung-kemih
Infeksi Kulit,https://www.alodokter.com/komunitas/topic-tag/infeksi-kulit
Infeksi Luka Operasi,https://www.alodokter.com/komunitas/topic-tag/infeksi-luka-operasi
Infeksi Mata,https://www.alodokter.com/komunitas/topic-tag/infeksi-mata
Infeksi Menular Seksual,https://www.alodokter.com/komunitas/topic-tag/infeksi-menular-seksual
Infeksi Parasit,https://www.alodokter.com/komunitas/topic-tag/infeksi-parasit
Infeksi Payudara,https://www.alodokter.com/komunitas/topic-tag/infeksi-payudara
Infeksi Rahim,https://www.alodokter.com/komunitas/topic-tag/infeksi-rahim
Infeksi Rotavirus,https://www.alodokter.com/komunitas/topic-tag/infeksi-rotavirus
Infeksi Saluran Kemih,https://www.alodokter.com/komunitas/topic-tag/infeksi-saluran-kemih
Infeksi Saluran Pernapasan,https://www.alodokter.com/komunitas/topic-tag/infeksi-saluran-pernapasan
Infeksi Telinga,https://www.alodokter.com/komunitas/topic-tag/infeksi-telinga
Infeksi Usus,https://www.alodokter.com/komunitas/topic-tag/infeksi-usus
Infeksi Virus,https://www.alodokter.com/komunitas/topic-tag/infeksi-virus
Infertilitas,https://www.alodokter.com/komunitas/topic-tag/infertilitas
Inflamasi,https://www.alodokter.com/komunitas/topic-tag/inflamasi
Inkompatibilitas Rhesus,https://www.alodokter.com/komunitas/topic-tag/inkompatibilitas-rhesus
Inkontinensia,https://www.alodokter.com/komunitas/topic-tag/inkontinensia
Inkontinensia Urine,https://www.alodokter.com/komunitas/topic-tag/inkontinensia-urine
Inseminasi,https://www.alodokter.com/komunitas/topic-tag/inseminasi
Insomnia,https://www.alodokter.com/komunitas/topic-tag/insomnia
Insulin Suntik,https://www.alodokter.com/komunitas/topic-tag/insulin-suntik
Intim,https://www.alodokter.com/komunitas/topic-tag/intim
Intim Laki Laki,https://www.alodokter.com/komunitas/topic-tag/intim-laki-laki
Intim Wanita,https://www.alodokter.com/komunitas/topic-tag/intim-wanita
Intoleransi Laktosa,https://www.alodokter.com/komunitas/topic-tag/intoleransi-laktosa
Intususepsi,https://www.alodokter.com/komunitas/topic-tag/intususepsi
Iritasi,https://www.alodokter.com/komunitas/topic-tag/iritasi
Irritable Bowel Syndrome,https://www.alodokter.com/komunitas/topic-tag/irritable-bowel-syndrome
Iskemia,https://www.alodokter.com/komunitas/topic-tag/iskemia
Isoniazid,https://www.alodokter.com/komunitas/topic-tag/isoniazid
Isotretinoin,https://www.alodokter.com/komunitas/topic-tag/isotretinoin
Ispa,https://www.alodokter.com/komunitas/topic-tag/ispa
Itp,https://www.alodokter.com/komunitas/topic-tag/itp
Itraconazole,https://www.alodokter.com/komunitas/topic-tag/itraconazole
Ivermectin,https://www.alodokter.com/komunitas/topic-tag/ivermectin1
Jamur Kuku,https://www.alodokter.com/komunitas/topic-tag/jamur-kuku
Jamur Kulit,https://www.alodokter.com/komunitas/topic-tag/jamur-kulit
Jantung,https://www.alodokter.com/komunitas/topic-tag/jantung
Jantung Berdebar,https://www.alodokter.com/komunitas/topic-tag/jantung-berdebar
Jantung Berdebar,https://www.alodokter.com/komunitas/topic-tag/jantung-berdebar-debar
Jerawat,https://www.alodokter.com/komunitas/topic-tag/jerawat
Jerawat Batu,https://www.alodokter.com/komunitas/topic-tag/jerawat-batu
Jerawat Hormonal,https://www.alodokter.com/komunitas/topic-tag/jerawat-hormonal
Kafein,https://www.alodokter.com/komunitas/topic-tag/kafein
Kaki,https://www.alodokter.com/komunitas/topic-tag/kaki
Kaki Datar,https://www.alodokter.com/komunitas/topic-tag/kaki-datar
Kaki Gajah,https://www.alodokter.com/komunitas/topic-tag/kaki-gajah
Kalazion,https://www.alodokter.com/komunitas/topic-tag/kalazion
Kalium,https://www.alodokter.com/komunitas/topic-tag/kalium
Kalsium,https://www.alodokter.com/komunitas/topic-tag/kalsium
Kanker,https://www.alodokter.com/komunitas/topic-tag/kanker
Kanker Anus,https://www.alodokter.com/komunitas/topic-tag/kanker-anus
Kanker Darah,https://www.alodokter.com/komunitas/topic-tag/kanker-darah
Kanker Endometrium,https://www.alodokter.com/komunitas/topic-tag/kanker-endometrium
Kanker Esofagus,https://www.alodokter.com/komunitas/topic-tag/kanker-esofagus
Kanker Ginjal,https://www.alodokter.com/komunitas/topic-tag/kanker-ginjal
Kanker Hati,https://www.alodokter.com/komunitas/topic-tag/kanker-hati
Kanker Kandung Kemih,https://www.alodokter.com/komunitas/topic-tag/kanker-kandung-kemih
Kanker Kantung Empedu,https://www.alodokter.com/komunitas/topic-tag/kanker-kantung-empedu
Kanker Kolorektal,https://www.alodokter.com/komunitas/topic-tag/kanker-kolorektal
Kanker Kulit,https://www.alodokter.com/komunitas/topic-tag/kanker-kulit
Kanker Lambung,https://www.alodokter.com/komunitas/topic-tag/kanker-lambung
Kanker Laring,https://www.alodokter.com/komunitas/topic-tag/kanker-laring
Kanker Lidah,https://www.alodokter.com/komunitas/topic-tag/kanker-lidah
Kanker Mata,https://www.alodokter.com/komunitas/topic-tag/kanker-mata
Kanker Mulut,https://www.alodokter.com/komunitas/topic-tag/kanker-mulut
Kanker Nasofaring,https://www.alodokter.com/komunitas/topic-tag/kanker-nasofaring
Kanker Otak,https://www.alodokter.com/komunitas/topic-tag/kanker-otak
Kanker Ovarium,https://www.alodokter.com/komunitas/topic-tag/kanker-ovarium
Kanker Pankreas,https://www.alodokter.com/komunitas/topic-tag/kanker-pankreas
Kanker Paru Paru,https://www.alodokter.com/komunitas/topic-tag/kanker-paru-paru
Kanker Payudara,https://www.alodokter.com/komunitas/topic-tag/kanker-payudara
Kanker Penis,https://www.alodokter.com/komunitas/topic-tag/kanker-penis
Kanker Prostat,https://www.alodokter.com/komunitas/topic-tag/kanker-prostat
Kanker Rahim,https://www.alodokter.com/komunitas/topic-tag/kanker-rahim
Kanker Sarkoma Ewing,https://www.alodokter.com/komunitas/topic-tag/kanker-sarkoma-ewing
Kanker Serviks,https://www.alodokter.com/komunitas/topic-tag/kanker-serviks
Kanker Tenggorokan,https://www.alodokter.com/komunitas/topic-tag/kanker-tenggorokan
Kanker Testis,https://www.alodokter.com/komunitas/topic-tag/kanker-testis
Kanker Tiroid,https://www.alodokter.com/komunitas/topic-tag/kanker-tiroid
Kanker Tulang,https://www.alodokter.com/komunitas/topic-tag/kanker-tulang
Kanker Usus,https://www.alodokter.com/komunitas/topic-tag/kanker-usus
Kanker Usus Besar,https://www.alodokter.com/komunitas/topic-tag/kanker-usus-besar
Kanker Vagina,https://www.alodokter.com/komunitas/topic-tag/kanker-vagina
Kanker Vulva,https://www.alodokter.com/komunitas/topic-tag/kanker-vulva
Kantuk,https://www.alodokter.com/komunitas/topic-tag/kantuk
Kapalan,https://www.alodokter.com/komunitas/topic-tag/kapalan
Karang Gigi,https://www.alodokter.com/komunitas/topic-tag/karang-gigi
Kardiomegali,https://www.alodokter.com/komunitas/topic-tag/kardiomegali
Kardiomiopati,https://www.alodokter.com/komunitas/topic-tag/kardiomiopati
Katarak,https://www.alodokter.com/komunitas/topic-tag/katarak
Kateterisasi Jantung,https://www.alodokter.com/komunitas/topic-tag/kateterisasi-jantung
Kb Suntik 1 Bulan,https://www.alodokter.com/komunitas/topic-tag/kb-suntik-1-bulan-1
Kebersihan,https://www.alodokter.com/komunitas/topic-tag/kebersihan
Kebutaan,https://www.alodokter.com/komunitas/topic-tag/kebutaan
Kecanduan Alkohol,https://www.alodokter.com/komunitas/topic-tag/kecanduan-alkohol
Kecantikan,https://www.alodokter.com/komunitas/topic-tag/kecantikan
Kecemasan,https://www.alodokter.com/komunitas/topic-tag/kecemasan
Kedutan,https://www.alodokter.com/komunitas/topic-tag/kedutan
Keguguran,https://www.alodokter.com/komunitas/topic-tag/keguguran
Kehamilan,https://www.alodokter.com/komunitas/topic-tag/kehamilan
Kehamilan Ektopik,https://www.alodokter.com/komunitas/topic-tag/kehamilan-ektopik
Kehamilan Kembar,https://www.alodokter.com/komunitas/topic-tag/kehamilan-kembar
Kejang,https://www.alodokter.com/komunitas/topic-tag/kejang
Kejang Demam,https://www.alodokter.com/komunitas/topic-tag/kejang-demam
Kelahiran,https://www.alodokter.com/komunitas/topic-tag/kelahiran
Kelahiran Prematur,https://www.alodokter.com/komunitas/topic-tag/kelahiran-prematur
Kelainan Darah,https://www.alodokter.com/komunitas/topic-tag/kelainan-darah
Kelainan Genetik,https://www.alodokter.com/komunitas/topic-tag/kelainan-genetik
Kelainan Kongenital,https://www.alodokter.com/komunitas/topic-tag/kelainan-kongenital
Kelelahan,https://www.alodokter.com/komunitas/topic-tag/kelelahan
Kelenjar Getah Bening,https://www.alodokter.com/komunitas/topic-tag/kelenjar-getah-bening
Keloid,https://www.alodokter.com/komunitas/topic-tag/keloid
Kelumpuhan,https://www.alodokter.com/komunitas/topic-tag/kelumpuhan
Kembar Siam,https://www.alodokter.com/komunitas/topic-tag/kembar-siam
Kemoterapi,https://www.alodokter.com/komunitas/topic-tag/kemoterapi
Kepala,https://www.alodokter.com/komunitas/topic-tag/kepala
Kepribadian Ganda,https://www.alodokter.com/komunitas/topic-tag/kepribadian-ganda
Keputihan,https://www.alodokter.com/komunitas/topic-tag/keputihan
Keracunan Bahan Kimia,https://www.alodokter.com/komunitas/topic-tag/keracunan-bahan-kimia
Keracunan Insektisida,https://www.alodokter.com/komunitas/topic-tag/keracunan-insektisida
Keracunan Makanan,https://www.alodokter.com/komunitas/topic-tag/keracunan-makanan
Keracunan Merkuri,https://www.alodokter.com/komunitas/topic-tag/keracunan-merkuri
Keratitis,https://www.alodokter.com/komunitas/topic-tag/keratitis
Keratosis Pilaris,https://www.alodokter.com/komunitas/topic-tag/keratosis-pilaris
Keratosis Seboroik,https://www.alodokter.com/komunitas/topic-tag/keratosis-seboroik
Keringat,https://www.alodokter.com/komunitas/topic-tag/keringat
Keringat Dingin,https://www.alodokter.com/komunitas/topic-tag/keringat-dingin
Keriput,https://www.alodokter.com/komunitas/topic-tag/keriput
Kerja,https://www.alodokter.com/komunitas/topic-tag/kerja
Kesehatan,https://www.alodokter.com/komunitas/topic-tag/kesehatan
Kesehatan Mental,https://www.alodokter.com/komunitas/topic-tag/kesehatan-mental
Kesehatan Mulut,https://www.alodokter.com/komunitas/topic-tag/kesehatan-mulut
Keseleo,https://www.alodokter.com/komunitas/topic-tag/keseleo
Kesemutan,https://www.alodokter.com/komunitas/topic-tag/kesemutan
Kesetrum,https://www.alodokter.com/komunitas/topic-tag/kesetrum
Kesuburan,https://www.alodokter.com/komunitas/topic-tag/kesuburan
Ketoasidosis Diabetik,https://www.alodokter.com/komunitas/topic-tag/ketoasidosis-diabetik
Ketoconazole,https://www.alodokter.com/komunitas/topic-tag/ketoconazole
Ketombe,https://www.alodokter.com/komunitas/topic-tag/ketombe
Ketorolac,https://www.alodokter.com/komunitas/topic-tag/ketorolac
Ketuban Pecah Dini,https://www.alodokter.com/komunitas/topic-tag/ketuban-pecah-dini
Kifosis,https://www.alodokter.com/komunitas/topic-tag/kifosis
Kista,https://www.alodokter.com/komunitas/topic-tag/kista
Kista Baker,https://www.alodokter.com/komunitas/topic-tag/kista-baker
Kista Bartholin,https://www.alodokter.com/komunitas/topic-tag/kista-bartholin
Kista Bartholin,https://www.alodokter.com/komunitas/topic-tag/kista-bartholini
Kista Dermoid,https://www.alodokter.com/komunitas/topic-tag/kista-dermoid
Kista Epidermoid,https://www.alodokter.com/komunitas/topic-tag/kista-epidermoid
Kista Ganglion,https://www.alodokter.com/komunitas/topic-tag/kista-ganglion
Kista Gartner,https://www.alodokter.com/komunitas/topic-tag/kista-gartner
Kista Ginjal,https://www.alodokter.com/komunitas/topic-tag/kista-ginjal
Kista Kulit,https://www.alodokter.com/komunitas/topic-tag/kista-kulit
Kista Ovarium,https://www.alodokter.com/komunitas/topic-tag/kista-ovarium
Kista Payudara,https://www.alodokter.com/komunitas/topic-tag/kista-payudara
Kista Pilonidal,https://www.alodokter.com/komunitas/topic-tag/kista-pilonidal
Kleptomania,https://www.alodokter.com/komunitas/topic-tag/kleptomania
Kolera,https://www.alodokter.com/komunitas/topic-tag/kolera
Kolesistitis,https://www.alodokter.com/komunitas/topic-tag/kolesistitis
Kolesterol,https://www.alodokter.com/komunitas/topic-tag/kolesterol
Kolesterol Tinggi,https://www.alodokter.com/komunitas/topic-tag/kolesterol-tinggi
Kolitis Ulseratif,https://www.alodokter.com/komunitas/topic-tag/kolitis-ulseratif
Kolonoskopi,https://www.alodokter.com/komunitas/topic-tag/kolonoskopi
Koma,https://www.alodokter.com/komunitas/topic-tag/koma
Komedo,https://www.alodokter.com/komunitas/topic-tag/komedo
Komedo Putih,https://www.alodokter.com/komunitas/topic-tag/komedo-putih
Konjungtivitis,https://www.alodokter.com/komunitas/topic-tag/konjungtivitis
Konstipasi,https://www.alodokter.com/komunitas/topic-tag/konstipasi
Konsultasi Gizi Dan Pola Makan,https://www.alodokter.com/komunitas/topic-tag/konsultasi-gizi-dan-pola-makan
Konsultasi Kehamilan,https://www.alodokter.com/komunitas/topic-tag/konsultasi-kehamilan
Konsultasi Penyakit Dalam,https://www.alodokter.com/komunitas/topic-tag/konsultasi-penyakit-dalam
Konsultasi Program Hamil,https://www.alodokter.com/komunitas/topic-tag/konsultasi-program-hamil
Konsultasi Psikologi Anak,https://www.alodokter.com/komunitas/topic-tag/konsultasi-psikologi-anak
Kontrasepsi,https://www.alodokter.com/komunitas/topic-tag/kontrasepsi
Kontrasepsi Darurat,https://www.alodokter.com/komunitas/topic-tag/kontrasepsi-darurat
Kortikosteroid,https://www.alodokter.com/komunitas/topic-tag/kortikosteroid
Kosmetik,https://www.alodokter.com/komunitas/topic-tag/kosmetik
Kostokondritis,https://www.alodokter.com/komunitas/topic-tag/kostokondritis
Kotoran Telinga,https://www.alodokter.com/komunitas/topic-tag/kotoran-telinga
Kotrimoksazol,https://www.alodokter.com/komunitas/topic-tag/kotrimoksazol
Kram,https://www.alodokter.com/komunitas/topic-tag/kram
Kriptorkismus,https://www.alodokter.com/komunitas/topic-tag/kriptorkismus
Kudis,https://www.alodokter.com/komunitas/topic-tag/kudis
Kuku,https://www.alodokter.com/komunitas/topic-tag/kuku
Kulit,https://www.alodokter.com/komunitas/topic-tag/kulit
Kulit Bersisik,https://www.alodokter.com/komunitas/topic-tag/kulit-bersisik
Kultur Dahak,https://www.alodokter.com/komunitas/topic-tag/kultur-dahak
Kultur Darah,https://www.alodokter.com/komunitas/topic-tag/kultur-darah
Kultur Urine,https://www.alodokter.com/komunitas/topic-tag/kultur-urine
Kurap,https://www.alodokter.com/komunitas/topic-tag/kurap
Kuret,https://www.alodokter.com/komunitas/topic-tag/kuret
Kuretase,https://www.alodokter.com/komunitas/topic-tag/kuretase
Kusta,https://www.alodokter.com/komunitas/topic-tag/kusta
Kutil,https://www.alodokter.com/komunitas/topic-tag/kutil
Kutil Kelamin,https://www.alodokter.com/komunitas/topic-tag/kutil-kelamin
Kutu Air,https://www.alodokter.com/komunitas/topic-tag/kutu-air
Kutu Kemaluan,https://www.alodokter.com/komunitas/topic-tag/kutu-kemaluan
Kutu Rambut,https://www.alodokter.com/komunitas/topic-tag/kutu-rambut
Lansoprazole,https://www.alodokter.com/komunitas/topic-tag/lansoprazole
Laparoskopi,https://www.alodokter.com/komunitas/topic-tag/laparoskopi
Laparotomi,https://www.alodokter.com/komunitas/topic-tag/laparotomi
Laringitis,https://www.alodokter.com/komunitas/topic-tag/laringitis
Lasik,https://www.alodokter.com/komunitas/topic-tag/lasik
Latah,https://www.alodokter.com/komunitas/topic-tag/latah
Lemah Jantung,https://www.alodokter.com/komunitas/topic-tag/lemah-jantung
Lensa Kontak,https://www.alodokter.com/komunitas/topic-tag/lensa-kontak
Lentigo,https://www.alodokter.com/komunitas/topic-tag/lentigo
Leptospirosis,https://www.alodokter.com/komunitas/topic-tag/leptospirosis
Leukemia,https://www.alodokter.com/komunitas/topic-tag/leukemia
Leukemia,https://www.alodokter.com/komunitas/topic-tag/leukimia
Leukoplakia,https://www.alodokter.com/komunitas/topic-tag/leukoplakia
Leukositosis,https://www.alodokter.com/komunitas/topic-tag/leukositosis
Levofloxacin,https://www.alodokter.com/komunitas/topic-tag/levofloxacin
Levonorgestrel,https://www.alodokter.com/komunitas/topic-tag/levonorgestrel
Lichen Planus,https://www.alodokter.com/komunitas/topic-tag/lichen-planus
Lidah,https://www.alodokter.com/komunitas/topic-tag/lidah
Limfadenitis,https://www.alodokter.com/komunitas/topic-tag/limfadenitis
Limfadenopati,https://www.alodokter.com/komunitas/topic-tag/limfadenopati
Limfedema,https://www.alodokter.com/komunitas/topic-tag/limfedema
Limfoma,https://www.alodokter.com/komunitas/topic-tag/limfoma
Limfoma Non Hodgkin,https://www.alodokter.com/komunitas/topic-tag/limfoma-non-hodgkin
Lipoma,https://www.alodokter.com/komunitas/topic-tag/lipoma
Loperamide,https://www.alodokter.com/komunitas/topic-tag/loperamide
Loratadine,https://www.alodokter.com/komunitas/topic-tag/loratadine
Lorazepam,https://www.alodokter.com/komunitas/topic-tag/lorazepam
Low Back Pain,https://www.alodokter.com/komunitas/topic-tag/low-back-pain
Luka,https://www.alodokter.com/komunitas/topic-tag/luka
Luka Bakar,https://www.alodokter.com/komunitas/topic-tag/luka-bakar
Luka Infeksi,https://www.alodokter.com/komunitas/topic-tag/luka-infeksi
Lumpuh Otak,https://www.alodokter.com/komunitas/topic-tag/lumpuh-otak
Lupus,https://www.alodokter.com/komunitas/topic-tag/lupus
Lupus Nefritis,https://www.alodokter.com/komunitas/topic-tag/lupus-nefritis
Maag,https://www.alodokter.com/komunitas/topic-tag/maag
Mabuk Perjalanan,https://www.alodokter.com/komunitas/topic-tag/mabuk-perjalanan
Magnesium Hidroksida,https://www.alodokter.com/komunitas/topic-tag/magnesium-hidroksida
Malabsorpsi Makanan,https://www.alodokter.com/komunitas/topic-tag/malabsorpsi-makanan
Malaria,https://www.alodokter.com/komunitas/topic-tag/malaria
Malnutrisi Energi Protein,https://www.alodokter.com/komunitas/topic-tag/malnutrisi-energi-protein
Mammografi,https://www.alodokter.com/komunitas/topic-tag/mammografi
Masa Subur,https://www.alodokter.com/komunitas/topic-tag/masa-subur
Mastalgia,https://www.alodokter.com/komunitas/topic-tag/mastalgia
Mastitis,https://www.alodokter.com/komunitas/topic-tag/mastitis
Mastoiditis,https://www.alodokter.com/komunitas/topic-tag/mastoiditis
Masturbasi,https://www.alodokter.com/komunitas/topic-tag/masturbasi
Mata,https://www.alodokter.com/komunitas/topic-tag/mata
Mata Ikan,https://www.alodokter.com/komunitas/topic-tag/mata-ikan
Mata Juling,https://www.alodokter.com/komunitas/topic-tag/mata-juling
Mata Kering,https://www.alodokter.com/komunitas/topic-tag/mata-kering
Mata Lelah,https://www.alodokter.com/komunitas/topic-tag/mata-lelah
Mata Malas,https://www.alodokter.com/komunitas/topic-tag/mata-malas
Mata Merah,https://www.alodokter.com/komunitas/topic-tag/mata-merah
Mata Minus,https://www.alodokter.com/komunitas/topic-tag/mata-minus
Mati Rasa,https://www.alodokter.com/komunitas/topic-tag/mati-rasa
Mebendazole,https://www.alodokter.com/komunitas/topic-tag/mebendazole
Medical Check Up,https://www.alodokter.com/komunitas/topic-tag/medical-check-up
Medical Check Up Karyawan,https://www.alodokter.com/komunitas/topic-tag/medical-check-up-karyawan
Megakolon,https://www.alodokter.com/komunitas/topic-tag/megakolon
Melahirkan,https://www.alodokter.com/komunitas/topic-tag/melahirkan
Melahirkan Normal,https://www.alodokter.com/komunitas/topic-tag/melahirkan-normal
Melanoma,https://www.alodokter.com/komunitas/topic-tag/melanoma
Melasma,https://www.alodokter.com/komunitas/topic-tag/melasma
Melena,https://www.alodokter.com/komunitas/topic-tag/melena
Meloxicam,https://www.alodokter.com/komunitas/topic-tag/meloxicam
Mendengkur,https://www.alodokter.com/komunitas/topic-tag/mendengkur
Menggigil,https://www.alodokter.com/komunitas/topic-tag/menggigil
Meningioma,https://www.alodokter.com/komunitas/topic-tag/meningioma
Meningitis,https://www.alodokter.com/komunitas/topic-tag/meningitis
Menopause,https://www.alodokter.com/komunitas/topic-tag/menopause
Menorrhagia,https://www.alodokter.com/komunitas/topic-tag/menorraghia
Menorrhagia,https://www.alodokter.com/komunitas/topic-tag/menorrhagia
Menstruasi,https://www.alodokter.com/komunitas/topic-tag/menstruasi
Menyusui,https://www.alodokter.com/komunitas/topic-tag/menyusui
Merencanakan Kehamilan,https://www.alodokter.com/komunitas/topic-tag/merencanakan-kehamilan
Merokok,https://www.alodokter.com/komunitas/topic-tag/merokok
Mers,https://www.alodokter.com/komunitas/topic-tag/mers
Metabolisme,https://www.alodokter.com/komunitas/topic-tag/metabolisme
Metamfetamin,https://www.alodokter.com/komunitas/topic-tag/metamfetamin
Metamizole,https://www.alodokter.com/komunitas/topic-tag/metamizole
Metformin,https://www.alodokter.com/komunitas/topic-tag/metformin
Methisoprinol,https://www.alodokter.com/komunitas/topic-tag/methisoprinol
Methylprednisolone,https://www.alodokter.com/komunitas/topic-tag/methylprednisolon
Methylprednisolone,https://www.alodokter.com/komunitas/topic-tag/methylprednisolone
Metoclopramide,https://www.alodokter.com/komunitas/topic-tag/metoclopramide
Metronidazole,https://www.alodokter.com/komunitas/topic-tag/metronidazole
Miconazole,https://www.alodokter.com/komunitas/topic-tag/miconazole
Migrain,https://www.alodokter.com/komunitas/topic-tag/migrain
Mikrosefali,https://www.alodokter.com/komunitas/topic-tag/mikrosefali
Milia,https://www.alodokter.com/komunitas/topic-tag/milia
Mimisan,https://www.alodokter.com/komunitas/topic-tag/mimisan
Mimpi Buruk,https://www.alodokter.com/komunitas/topic-tag/mimpi-buruk
Mineral,https://www.alodokter.com/komunitas/topic-tag/mineral
Minoxidil,https://www.alodokter.com/komunitas/topic-tag/minoxidil
Miokarditis,https://www.alodokter.com/komunitas/topic-tag/miokarditis
Miom,https://www.alodokter.com/komunitas/topic-tag/miom
Misoprostol,https://www.alodokter.com/komunitas/topic-tag/misoprostol
Molluscum Contagiosum,https://www.alodokter.com/komunitas/topic-tag/molluscum-contagiosum
Morfin,https://www.alodokter.com/komunitas/topic-tag/morfin
Morning Sickness,https://www.alodokter.com/komunitas/topic-tag/morning-sickness
Mpasi,https://www.alodokter.com/komunitas/topic-tag/mpasi
Mri,https://www.alodokter.com/komunitas/topic-tag/mri
Mual,https://www.alodokter.com/komunitas/topic-tag/mual
Mukokel,https://www.alodokter.com/komunitas/topic-tag/mukokel
Multiple Myeloma,https://www.alodokter.com/komunitas/topic-tag/multiple-myeloma
Multiple Sclerosis,https://www.alodokter.com/komunitas/topic-tag/multiple-sclerosis
Mulut,https://www.alodokter.com/komunitas/topic-tag/mulut
Mulut Kering,https://www.alodokter.com/komunitas/topic-tag/mulut-kering
Muntah,https://www.alodokter.com/komunitas/topic-tag/muntah
Muntah Darah,https://www.alodokter.com/komunitas/topic-tag/muntah-darah
Myalgia,https://www.alodokter.com/komunitas/topic-tag/myalgia
Myasthenia Gravis,https://www.alodokter.com/komunitas/topic-tag/myasthenia-gravis
Narkoba,https://www.alodokter.com/komunitas/topic-tag/narkoba
Narkolepsi,https://www.alodokter.com/komunitas/topic-tag/narkolepsi
Natrium Bikarbonat,https://www.alodokter.com/komunitas/topic-tag/natrium-bikarbonat
Neomycin,https://www.alodokter.com/komunitas/topic-tag/neomycin
Neuritis Optik,https://www.alodokter.com/komunitas/topic-tag/neuritis-optik
Neurodermatitis,https://www.alodokter.com/komunitas/topic-tag/neurodermatitis
Neurofibromatosis Tipe 1,https://www.alodokter.com/komunitas/topic-tag/neurofibromatosis-tipe
Neurofibromatosis Tipe 2,https://www.alodokter.com/komunitas/topic-tag/neurofibromatosis-tipe-2
Neuroma Akustik,https://www.alodokter.com/komunitas/topic-tag/neuroma-akustik
Neuropati,https://www.alodokter.com/komunitas/topic-tag/neuropati
Neuropati Diabetik,https://www.alodokter.com/komunitas/topic-tag/neuropati-diabetik
Neuropati Perifer,https://www.alodokter.com/komunitas/topic-tag/neuropati-perifer
Nifas,https://www.alodokter.com/komunitas/topic-tag/nifas
Nifedipine,https://www.alodokter.com/komunitas/topic-tag/nifedipine
Nistagmus,https://www.alodokter.com/komunitas/topic-tag/nistagmus
Norethisterone,https://www.alodokter.com/komunitas/topic-tag/norethisterone
Nsaid,https://www.alodokter.com/komunitas/topic-tag/nsaid
Nutrisi,https://www.alodokter.com/komunitas/topic-tag/nutrisi
Nutrisi Anak,https://www.alodokter.com/komunitas/topic-tag/nutrisi-anak
Nutrisi Bayi,https://www.alodokter.com/komunitas/topic-tag/nutrisi-bayi
Nutrisi Ibu Hamil,https://www.alodokter.com/komunitas/topic-tag/nutrisi-ibu-hamil
Nutrisi Ibu Menyusui,https://www.alodokter.com/komunitas/topic-tag/nutrisi-ibu-menyusui
Nutrisi Lansia,https://www.alodokter.com/komunitas/topic-tag/nutrisi-lansia
Nutrisi Penyakit Kronis,https://www.alodokter.com/komunitas/topic-tag/nutrisi-penyakit-kronis
Nyeri Abdomen,https://www.alodokter.com/komunitas/topic-tag/nyeri-abdomen
Nyeri Anus,https://www.alodokter.com/komunitas/topic-tag/nyeri-anus
Nyeri Dada,https://www.alodokter.com/komunitas/topic-tag/nyeri-dada
Nyeri Haid,https://www.alodokter.com/komunitas/topic-tag/nyeri-haid
Nyeri Lutut,https://www.alodokter.com/komunitas/topic-tag/nyeri-lutut
Nyeri Otot,https://www.alodokter.com/komunitas/topic-tag/nyeri-otot
Nyeri Payudara,https://www.alodokter.com/komunitas/topic-tag/nyeri-payudara
Nyeri Pergelangan Tangan,https://www.alodokter.com/komunitas/topic-tag/nyeri-pergelangan-tangan
Nyeri Perut,https://www.alodokter.com/komunitas/topic-tag/nyeri-perut
Nyeri Punggung,https://www.alodokter.com/komunitas/topic-tag/nyeri-punggung
Nyeri Sendi,https://www.alodokter.com/komunitas/topic-tag/nyeri-sendi
Nyeri Tumit,https://www.alodokter.com/komunitas/topic-tag/nyeri-tumit
Nystatin,https://www.alodokter.com/komunitas/topic-tag/nystatin
Obat,https://www.alodokter.com/komunitas/topic-tag/obat
Obat Antihipertensi,https://www.alodokter.com/komunitas/topic-tag/obat-antihipertensi
Obat Antivirus,https://www.alodokter.com/komunitas/topic-tag/obat-antivirus
Obat Bius,https://www.alodokter.com/komunitas/topic-tag/obat-bius
Obat Cacing,https://www.alodokter.com/komunitas/topic-tag/obat-cacing
Obat Digestan,https://www.alodokter.com/komunitas/topic-tag/obat-digestan
Obat Pencahar,https://www.alodokter.com/komunitas/topic-tag/obat-pencahar
Obesitas,https://www.alodokter.com/komunitas/topic-tag/obesitas
Obstruksi Usus,https://www.alodokter.com/komunitas/topic-tag/obstruksi-usus
Ocd,https://www.alodokter.com/komunitas/topic-tag/ocd
Ofloxacin,https://www.alodokter.com/komunitas/topic-tag/ofloxacin
Olahraga,https://www.alodokter.com/komunitas/topic-tag/olahraga
Olanzapine,https://www.alodokter.com/komunitas/topic-tag/olanzapine
Omeprazole,https://www.alodokter.com/komunitas/topic-tag/omeprazole
Ondansetron,https://www.alodokter.com/komunitas/topic-tag/ondansetron
Operasi,https://www.alodokter.com/komunitas/topic-tag/operasi
Operasi Bypass Jantung,https://www.alodokter.com/komunitas/topic-tag/operasi-bypass-jantung
Operasi Caesar,https://www.alodokter.com/komunitas/topic-tag/operasi-caesar
Operasi Hernia Dengan Laparoskopi,https://www.alodokter.com/komunitas/topic-tag/operasi-hernia-dengan-laparoskopi
Operasi Hidung,https://www.alodokter.com/komunitas/topic-tag/operasi-hidung
Operasi Katarak,https://www.alodokter.com/komunitas/topic-tag/operasi-katarak
Operasi Katup Jantung,https://www.alodokter.com/komunitas/topic-tag/operasi-katup-jantung
Operasi Kelopak Mata,https://www.alodokter.com/komunitas/topic-tag/operasi-kelopak-mata
Operasi Muskuloskeletal,https://www.alodokter.com/komunitas/topic-tag/operasi-muskuloskeletal
Operasi Payudara,https://www.alodokter.com/komunitas/topic-tag/operasi-payudara
Operasi Prostat,https://www.alodokter.com/komunitas/topic-tag/operasi-prostat
Operasi Rahang,https://www.alodokter.com/komunitas/topic-tag/operasi-rahang
Operasi Reproduksi,https://www.alodokter.com/komunitas/topic-tag/operasi-reproduksi
Operasi Sesar,https://www.alodokter.com/komunitas/topic-tag/operasi-sesar
Operasi Tulang Belakang,https://www.alodokter.com/komunitas/topic-tag/operasi-tulang-belakang
Operasi Usus Buntu,https://www.alodokter.com/komunitas/topic-tag/operasi-usus-buntu
Orang Tua,https://www.alodokter.com/komunitas/topic-tag/orang-tua
Orchitis,https://www.alodokter.com/komunitas/topic-tag/orchitis
Orlistat,https://www.alodokter.com/komunitas/topic-tag/orlistat
Osteoarthritis,https://www.alodokter.com/komunitas/topic-tag/osteoarthritis
Osteofit,https://www.alodokter.com/komunitas/topic-tag/osteofit
Osteomalacia,https://www.alodokter.com/komunitas/topic-tag/osteomalacia
Osteomyelitis,https://www.alodokter.com/komunitas/topic-tag/osteomyelitis
Osteopetrosis,https://www.alodokter.com/komunitas/topic-tag/osteopetrosis
Osteoporosis,https://www.alodokter.com/komunitas/topic-tag/osteoporosis
Otitis Eksterna,https://www.alodokter.com/komunitas/topic-tag/otitis-eksterna
Otitis Media,https://www.alodokter.com/komunitas/topic-tag/otitis-media
Otomikosis,https://www.alodokter.com/komunitas/topic-tag/otomikosis
Otot,https://www.alodokter.com/komunitas/topic-tag/otot-4
Ovulasi,https://www.alodokter.com/komunitas/topic-tag/ovulasi
Pankreatitis Akut,https://www.alodokter.com/komunitas/topic-tag/pankreatitis-akut
Pankreatitis Kronis,https://www.alodokter.com/komunitas/topic-tag/pankreatitis-kronis
Pantoprazole,https://www.alodokter.com/komunitas/topic-tag/pantoprazole
Panu,https://www.alodokter.com/komunitas/topic-tag/panu
Pap Smear,https://www.alodokter.com/komunitas/topic-tag/pap-smear
Papaverine,https://www.alodokter.com/komunitas/topic-tag/papaverine
Paracetamol,https://www.alodokter.com/komunitas/topic-tag/paracetamol
Parafimosis,https://www.alodokter.com/komunitas/topic-tag/parafimosis
Paranoid,https://www.alodokter.com/komunitas/topic-tag/paranoid
Paraplegia,https://www.alodokter.com/komunitas/topic-tag/paraplegia
Paratifus,https://www.alodokter.com/komunitas/topic-tag/paratifus
Parenting,https://www.alodokter.com/komunitas/topic-tag/parenting
Parestesia,https://www.alodokter.com/komunitas/topic-tag/parestesia
Paronikia,https://www.alodokter.com/komunitas/topic-tag/paronikia
Parotitis,https://www.alodokter.com/komunitas/topic-tag/parotitis
Paru Paru,https://www.alodokter.com/komunitas/topic-tag/paru-paru
Pasangan,https://www.alodokter.com/komunitas/topic-tag/pasangan
Patah Kaki,https://www.alodokter.com/komunitas/topic-tag/patah-kaki
Patah Pergelangan Kaki,https://www.alodokter.com/komunitas/topic-tag/patah-pergelangan-kaki
Patah Pergelangan Tangan,https://www.alodokter.com/komunitas/topic-tag/patah-pergelangan-tangan
Patah Tangan,https://www.alodokter.com/komunitas/topic-tag/patah-tangan
Patah Tulang,https://www.alodokter.com/komunitas/topic-tag/patah-tulang
Patah Tulang Pinggul,https://www.alodokter.com/komunitas/topic-tag/patah-tulang-pinggul
Patah Tulang Selangka,https://www.alodokter.com/komunitas/topic-tag/patah-tulang-selangka
Payudara,https://www.alodokter.com/komunitas/topic-tag/payudara
Pcos,https://www.alodokter.com/komunitas/topic-tag/pcos
Pcr,https://www.alodokter.com/komunitas/topic-tag/pcrs
Pemasangan Kawat Gigi,https://www.alodokter.com/komunitas/topic-tag/pemasangan-kawat-gigi
Pembengkakan Kelenjar Getah Bening,https://www.alodokter.com/komunitas/topic-tag/pembengkakan-kelenjar-getah-bening
Pembengkakan Otak,https://www.alodokter.com/komunitas/topic-tag/pembengkakan-otak
Pembersihan Telinga,https://www.alodokter.com/komunitas/topic-tag/pembersihan-telinga
Pemeriksaan Bta,https://www.alodokter.com/komunitas/topic-tag/pemeriksaan-bta
Pemeriksaan Feses,https://www.alodokter.com/komunitas/topic-tag/pemeriksaan-feses
Pemeriksaan Fungsi Ginjal,https://www.alodokter.com/komunitas/topic-tag/pemeriksaan-fungsi-ginjal
Pemeriksaan Jantung,https://www.alodokter.com/komunitas/topic-tag/pemeriksaan-jantung
Pemeriksaan Medis Kejiwaan,https://www.alodokter.com/komunitas/topic-tag/pemeriksaan-medis-kejiwaan
Pemeriksaan Penyakit Infeksi,https://www.alodokter.com/komunitas/topic-tag/pemeriksaan-penyakit-infeksi
Pemeriksaan Radiologi,https://www.alodokter.com/komunitas/topic-tag/pemeriksaan-radiologi
Pemeriksaan Sperma,https://www.alodokter.com/komunitas/topic-tag/pemeriksaan-sperma
Pemeriksaan Torch,https://www.alodokter.com/komunitas/topic-tag/pemeriksaan-torch
Pemfigoid Bulosa,https://www.alodokter.com/komunitas/topic-tag/pemfigoid-bulosa
Pemutihan Gigi,https://www.alodokter.com/komunitas/topic-tag/pemutihan-gigi
Pemutihan Kulit,https://www.alodokter.com/komunitas/topic-tag/pemutihan-kulit
Pengobatan Alternatif,https://www.alodokter.com/komunitas/topic-tag/pengobatan-alternatif
Penicillin Vk,https://www.alodokter.com/komunitas/topic-tag/penicillin-vk
Peningkatan Berat Badan,https://www.alodokter.com/komunitas/topic-tag/peningkatan-berat-badan
Penisilin,https://www.alodokter.com/komunitas/topic-tag/penisilin
Penuaan,https://www.alodokter.com/komunitas/topic-tag/penuaan
Penumonia,https://www.alodokter.com/komunitas/topic-tag/penumonia
Penurunan Kesadaran,https://www.alodokter.com/komunitas/topic-tag/penurunan-kesadaran
Penyakit Addison,https://www.alodokter.com/komunitas/topic-tag/penyakit-addison
Penyakit Arteri Perifer,https://www.alodokter.com/komunitas/topic-tag/penyakit-arteri-perifer
Penyakit Autoimun,https://www.alodokter.com/komunitas/topic-tag/penyakit-autoimun
Penyakit Beri Beri,https://www.alodokter.com/komunitas/topic-tag/penyakit-beri-beri
Penyakit Buerger,https://www.alodokter.com/komunitas/topic-tag/penyakit-buerger
Penyakit Celiac,https://www.alodokter.com/komunitas/topic-tag/penyakit-celiac
Penyakit Chron,https://www.alodokter.com/komunitas/topic-tag/penyakit-chron
Penyakit Ginjal,https://www.alodokter.com/komunitas/topic-tag/penyakit-ginjal
Penyakit Ginjal Polikistik,https://www.alodokter.com/komunitas/topic-tag/penyakit-ginjal-polikistik
Penyakit Graves,https://www.alodokter.com/komunitas/topic-tag/penyakit-graves
Penyakit Hashimoto,https://www.alodokter.com/komunitas/topic-tag/penyakit-hashimoto
Penyakit Hati Terkait Alkohol,https://www.alodokter.com/komunitas/topic-tag/penyakit-hati-terkait-alkohol
Penyakit Hirschsprung,https://www.alodokter.com/komunitas/topic-tag/penyakit-hirschsprung
Penyakit Infeksi,https://www.alodokter.com/komunitas/topic-tag/penyakit-infeksi
Penyakit Jantung,https://www.alodokter.com/komunitas/topic-tag/penyakit-jantung
Penyakit Jantung Bawaan,https://www.alodokter.com/komunitas/topic-tag/penyakit-jantung-bawaan
Penyakit Jantung Koroner,https://www.alodokter.com/komunitas/topic-tag/penyakit-jantung-koroner
Penyakit Jantung Reumatik,https://www.alodokter.com/komunitas/topic-tag/penyakit-jantung-reumatik
Penyakit Katup Jantung,https://www.alodokter.com/komunitas/topic-tag/penyakit-katup-jantung
Penyakit Kawasaki,https://www.alodokter.com/komunitas/topic-tag/penyakit-kawasaki
Penyakit Kuning,https://www.alodokter.com/komunitas/topic-tag/penyakit-kuning
Penyakit Liver,https://www.alodokter.com/komunitas/topic-tag/penyakit-liver
Penyakit Lyme,https://www.alodokter.com/komunitas/topic-tag/penyakit-lyme
Penyakit Mata,https://www.alodokter.com/komunitas/topic-tag/penyakit-mata
Penyakit Meniere,https://www.alodokter.com/komunitas/topic-tag/penyakit-meniere
Penyakit Menular Seksual,https://www.alodokter.com/komunitas/topic-tag/penyakit-menular-seksual
Penyakit Paget,https://www.alodokter.com/komunitas/topic-tag/penyakit-paget
Penyakit Parkinson,https://www.alodokter.com/komunitas/topic-tag/penyakit-parkinson
Penyakit Paru Interstisial,https://www.alodokter.com/komunitas/topic-tag/penyakit-paru-interstisial
Penyakit Paru Obstruktif Kronis,https://www.alodokter.com/komunitas/topic-tag/penyakit-paru-obstruktif-kronis
Penyakit Paru Paru,https://www.alodokter.com/komunitas/topic-tag/penyakit-paru-paru
Penyakit Peyronie,https://www.alodokter.com/komunitas/topic-tag/penyakit-peyronie
Penyakit Radang Pinggul,https://www.alodokter.com/komunitas/topic-tag/penyakit-radang-panggul
Penyakit Radang Pinggul,https://www.alodokter.com/komunitas/topic-tag/penyakit-radang-pinggul
Penyakit Retina,https://www.alodokter.com/komunitas/topic-tag/penyakit-retina
Penyakit Saraf Motorik,https://www.alodokter.com/komunitas/topic-tag/penyakit-saraf-motorik
Penyakit Tangan Kaki Dan Mulut,https://www.alodokter.com/komunitas/topic-tag/penyakit-tangan-kaki-dan-mulut
Penyakit Tiroid,https://www.alodokter.com/komunitas/topic-tag/penyakit-tiroid
Penyakit Von Willebrand,https://www.alodokter.com/komunitas/topic-tag/penyakit-von-willebrand
Penyalahgunaan Napza,https://www.alodokter.com/komunitas/topic-tag/penyalahgunaan-napza
Perawatan Kulit,https://www.alodokter.com/komunitas/topic-tag/perawatan-kulit
Perawatan Luka,https://www.alodokter.com/komunitas/topic-tag/perawatan-luka
Perawatan Pria,https://www.alodokter.com/komunitas/topic-tag/perawatan-pria
Perawatan Saluran Akar Gigi,https://www.alodokter.com/komunitas/topic-tag/perawatan-saluran-akar-gigi
Percobaan Bunuh Diri,https://www.alodokter.com/komunitas/topic-tag/percobaan-bunuh-diri
Perdarahan Pasca Melahirkan,https://www.alodokter.com/komunitas/topic-tag/perdarahan-pasca-melahirkan
Perdarahan Pascamelahirkan,https://www.alodokter.com/komunitas/topic-tag/perdarahan-pascamelahirkan
Perdarahan Saluran Pencernaan,https://www.alodokter.com/komunitas/topic-tag/perdarahan-saluran-pencernaan
Perdarahan Subarachnoid,https://www.alodokter.com/komunitas/topic-tag/perdarahan-subarachnoid
Perdarahan Subkonjungtiva,https://www.alodokter.com/komunitas/topic-tag/perdarahan-subkonjungtiva
Pergelangan Kaki Terkilir,https://www.alodokter.com/komunitas/topic-tag/pergelangan-kaki-terkilir
Perikarditis,https://www.alodokter.com/komunitas/topic-tag/perikarditis
Perimenopause,https://www.alodokter.com/komunitas/topic-tag/perimenopause
Periodontitis,https://www.alodokter.com/komunitas/topic-tag/periodontitis
Peritonitis,https://www.alodokter.com/komunitas/topic-tag/peritonitis
Permethrin,https://www.alodokter.com/komunitas/topic-tag/permethrin
Perut Kembung,https://www.alodokter.com/komunitas/topic-tag/perut-kembung
Phenobarbital,https://www.alodokter.com/komunitas/topic-tag/phenobarbital
Phenytoin,https://www.alodokter.com/komunitas/topic-tag/phenytoin
Phlebitis,https://www.alodokter.com/komunitas/topic-tag/phlebitis
Pil Kb,https://www.alodokter.com/komunitas/topic-tag/pil-kb
Pilek,https://www.alodokter.com/komunitas/topic-tag/pilek
Pingsan,https://www.alodokter.com/komunitas/topic-tag/pingsan
Piracetam,https://www.alodokter.com/komunitas/topic-tag/piracetam
Piroxicam,https://www.alodokter.com/komunitas/topic-tag/piroxicam
Pityriasis Alba,https://www.alodokter.com/komunitas/topic-tag/pityriasis-alba
Pityriasis Rosea,https://www.alodokter.com/komunitas/topic-tag/pityriasis-rosea
Plantar Fasciitis,https://www.alodokter.com/komunitas/topic-tag/plantar-fasciitis
Plasenta Abruption,https://www.alodokter.com/komunitas/topic-tag/plasenta-abruption
Plasenta Previa,https://www.alodokter.com/komunitas/topic-tag/plasenta-previa
Pleuritis,https://www.alodokter.com/komunitas/topic-tag/pleuritis
Pneumonia,https://www.alodokter.com/komunitas/topic-tag/pneumonia
Pneumothorax,https://www.alodokter.com/komunitas/topic-tag/pneumothorax
Polihidramnion,https://www.alodokter.com/komunitas/topic-tag/polihidramnion
Polio,https://www.alodokter.com/komunitas/topic-tag/polio
Polip,https://www.alodokter.com/komunitas/topic-tag/polip
Polip Gigi,https://www.alodokter.com/komunitas/topic-tag/polip-gigi
Polip Hidung,https://www.alodokter.com/komunitas/topic-tag/polip-hidung
Polip Pulpa,https://www.alodokter.com/komunitas/topic-tag/polip-pulpa
Polip Rahim,https://www.alodokter.com/komunitas/topic-tag/polip-rahim
Polip Usus,https://www.alodokter.com/komunitas/topic-tag/polip-usus
Polisitemia Vera,https://www.alodokter.com/komunitas/topic-tag/polisitemia-vera
Polusi,https://www.alodokter.com/komunitas/topic-tag/polusi
Pompholyx,https://www.alodokter.com/komunitas/topic-tag/pompholyx
Postpartum Depression,https://www.alodokter.com/komunitas/topic-tag/postpartum-depression
Povidone Iodine,https://www.alodokter.com/komunitas/topic-tag/povidone-iodine
Ppok,https://www.alodokter.com/komunitas/topic-tag/ppok
Prediabetes,https://www.alodokter.com/komunitas/topic-tag/prediabetes
Prednisolone,https://www.alodokter.com/komunitas/topic-tag/prednisolone
Prednison,https://www.alodokter.com/komunitas/topic-tag/prednison
Preeklamsia,https://www.alodokter.com/komunitas/topic-tag/preeklamsia
Pregabalin,https://www.alodokter.com/komunitas/topic-tag/pregabalin
Premenstrual Syndrome,https://www.alodokter.com/komunitas/topic-tag/premenstrual-syndrome
Presbiopi,https://www.alodokter.com/komunitas/topic-tag/presbiopi
Priapismus,https://www.alodokter.com/komunitas/topic-tag/priapismus
Probiotik,https://www.alodokter.com/komunitas/topic-tag/probiotik
Progesteron,https://www.alodokter.com/komunitas/topic-tag/progesteron
Program Hamil,https://www.alodokter.com/komunitas/topic-tag/program-hamil
Proktitis,https://www.alodokter.com/komunitas/topic-tag/proktitis
Prolaps Uterus,https://www.alodokter.com/komunitas/topic-tag/prolaps-uterus
Propranolol,https://www.alodokter.com/komunitas/topic-tag/propranolol
Prostatitis,https://www.alodokter.com/komunitas/topic-tag/prostatitis
Protein,https://www.alodokter.com/komunitas/topic-tag/protein
Prurigo,https://www.alodokter.com/komunitas/topic-tag/prurigo
Pruritus,https://www.alodokter.com/komunitas/topic-tag/pruritus
Pseudoephedrine,https://www.alodokter.com/komunitas/topic-tag/pseudoephedrine
Psikologi,https://www.alodokter.com/komunitas/topic-tag/psikologi
Psikosis,https://www.alodokter.com/komunitas/topic-tag/psikosis
Psikosomatis,https://www.alodokter.com/komunitas/topic-tag/psikosomatis
Psoriasis,https://www.alodokter.com/komunitas/topic-tag/psoriasis
Pterygium,https://www.alodokter.com/komunitas/topic-tag/pterygium
Ptosis,https://www.alodokter.com/komunitas/topic-tag/ptosis
Ptsd,https://www.alodokter.com/komunitas/topic-tag/ptsd
Puasa,https://www.alodokter.com/komunitas/topic-tag/puasa
Pubertas,https://www.alodokter.com/komunitas/topic-tag/pubertas
Pubertas Dini,https://www.alodokter.com/komunitas/topic-tag/pubertas-dini
Pusing,https://www.alodokter.com/komunitas/topic-tag/pusing
Pyrazinamid,https://www.alodokter.com/komunitas/topic-tag/pyrazinamid
Rabies,https://www.alodokter.com/komunitas/topic-tag/rabies
Rabun Dekat,https://www.alodokter.com/komunitas/topic-tag/rabun-dekat
Rabun Jauh,https://www.alodokter.com/komunitas/topic-tag/rabun-jauh
Rabun Senja,https://www.alodokter.com/komunitas/topic-tag/rabun-senja
Radang Empedu,https://www.alodokter.com/komunitas/topic-tag/radang-empedu
Radang Gusi,https://www.alodokter.com/komunitas/topic-tag/radang-gusi
Radang Otak,https://www.alodokter.com/komunitas/topic-tag/radang-otak
Radang Panggul,https://www.alodokter.com/komunitas/topic-tag/radang-panggul
Radang Payudara,https://www.alodokter.com/komunitas/topic-tag/radang-payudara
Radang Sendi,https://www.alodokter.com/komunitas/topic-tag/radang-sendi
Radang Tenggorokan,https://www.alodokter.com/komunitas/topic-tag/radang-tenggorokan
Radang Usus,https://www.alodokter.com/komunitas/topic-tag/radang-usus
Radioterapi,https://www.alodokter.com/komunitas/topic-tag/radioterapi
Rakitis,https://www.alodokter.com/komunitas/topic-tag/rakitis
Rambut,https://www.alodokter.com/komunitas/topic-tag/rambut
Rambut Rontok,https://www.alodokter.com/komunitas/topic-tag/rambut-rontok
Rambut Tumbuh Ke Dalam,https://www.alodokter.com/komunitas/topic-tag/rambut-tumbuh-ke-dalam
Ranitidin,https://www.alodokter.com/komunitas/topic-tag/ranitidin
Rapid Test,https://www.alodokter.com/komunitas/topic-tag/rapid-test
Relaksasi,https://www.alodokter.com/komunitas/topic-tag/relaksasi
Remaja,https://www.alodokter.com/komunitas/topic-tag/remaja
Rematik,https://www.alodokter.com/komunitas/topic-tag/rematik
Retardasi Mental,https://www.alodokter.com/komunitas/topic-tag/retardasi-mental
Retensi Plasenta,https://www.alodokter.com/komunitas/topic-tag/retensi-plasenta
Retinoblastoma,https://www.alodokter.com/komunitas/topic-tag/retinoblastoma
Retinoic Acid,https://www.alodokter.com/komunitas/topic-tag/retinoic-acid
Retinoid,https://www.alodokter.com/komunitas/topic-tag/retinoid
Retinopati Diabetik,https://www.alodokter.com/komunitas/topic-tag/retinopati-diabetik
Rheumatoid Arthritis,https://www.alodokter.com/komunitas/topic-tag/rheumatoid-arthritis
Rhinitis,https://www.alodokter.com/komunitas/topic-tag/rhinitis
Rhinitis Alergi,https://www.alodokter.com/komunitas/topic-tag/rhinitis-alergi
Rifampicin,https://www.alodokter.com/komunitas/topic-tag/rifampicin
Rinitis Alergi,https://www.alodokter.com/komunitas/topic-tag/rinitis-alergi
Risperidone,https://www.alodokter.com/komunitas/topic-tag/risperidone
Rosacea,https://www.alodokter.com/komunitas/topic-tag/rosacea
Roseola,https://www.alodokter.com/komunitas/topic-tag/roseola
Ruam Kulit,https://www.alodokter.com/komunitas/topic-tag/ruam-kulit
Ruam Merah,https://www.alodokter.com/komunitas/topic-tag/ruam-merah
Ruam Popok,https://www.alodokter.com/komunitas/topic-tag/ruam-popok
Rubella,https://www.alodokter.com/komunitas/topic-tag/rubella
Rumah Sakit,https://www.alodokter.com/komunitas/topic-tag/rumah-sakit
Sakit Dada,https://www.alodokter.com/komunitas/topic-tag/sakit-dada
Sakit Gigi,https://www.alodokter.com/komunitas/topic-tag/sakit-gigi
Sakit Ginjal,https://www.alodokter.com/komunitas/topic-tag/sakit-ginjal
Sakit Jiwa,https://www.alodokter.com/komunitas/topic-tag/sakit-jiwa
Sakit Kaki,https://www.alodokter.com/komunitas/topic-tag/sakit-kaki
Sakit Kepala,https://www.alodokter.com/komunitas/topic-tag/sakit-kepala
Sakit Kepala Cluster,https://www.alodokter.com/komunitas/topic-tag/sakit-kepala-cluster
Sakit Kepala Tegang,https://www.alodokter.com/komunitas/topic-tag/sakit-kepala-tegang
Sakit Leher,https://www.alodokter.com/komunitas/topic-tag/sakit-leher
Sakit Lutut,https://www.alodokter.com/komunitas/topic-tag/sakit-lutut
Sakit Maag,https://www.alodokter.com/komunitas/topic-tag/sakit-maag
Sakit Mata,https://www.alodokter.com/komunitas/topic-tag/sakit-mata
Sakit Perut,https://www.alodokter.com/komunitas/topic-tag/sakit-perut
Sakit Pinggang,https://www.alodokter.com/komunitas/topic-tag/sakit-pinggang
Sakit Punggung,https://www.alodokter.com/komunitas/topic-tag/sakit-punggung
Sakit Saraf,https://www.alodokter.com/komunitas/topic-tag/sakit-saraf
Sakit Syaraf,https://www.alodokter.com/komunitas/topic-tag/sakit-syaraf
Sakit Telinga,https://www.alodokter.com/komunitas/topic-tag/sakit-telinga
Sakit Tenggorokan,https://www.alodokter.com/komunitas/topic-tag/sakit-tenggorokan
Salbutamol,https://www.alodokter.com/komunitas/topic-tag/salbutamol
Sariawan,https://www.alodokter.com/komunitas/topic-tag/sariawan
Sarkoma Jaringan Lunak,https://www.alodokter.com/komunitas/topic-tag/sarkoma-jaringan-lunak
Virus Corona,https://www.alodokter.com/komunitas/topic-tag/sars-cov-2
Scaling Gigi,https://www.alodokter.com/komunitas/topic-tag/scaling-gigi
Seks,https://www.alodokter.com/komunitas/topic-tag/seks-1
Selulitis,https://www.alodokter.com/komunitas/topic-tag/selulitis
Sendawa,https://www.alodokter.com/komunitas/topic-tag/sendawa
Sengatan Lebah,https://www.alodokter.com/komunitas/topic-tag/sengatan-lebah
Sepsis,https://www.alodokter.com/komunitas/topic-tag/sepsis
Serangan Jantung,https://www.alodokter.com/komunitas/topic-tag/serangan-jantung
Serangan Panik,https://www.alodokter.com/komunitas/topic-tag/serangan-panik
Sertraline,https://www.alodokter.com/komunitas/topic-tag/sertraline
Servisitis,https://www.alodokter.com/komunitas/topic-tag/servisitis
Sesak Napas,https://www.alodokter.com/komunitas/topic-tag/sesak-napas
Sifilis,https://www.alodokter.com/komunitas/topic-tag/sifilis
Siklus Haid,https://www.alodokter.com/komunitas/topic-tag/siklus-haid
Sildenafil,https://www.alodokter.com/komunitas/topic-tag/sildenafil
Simvastatin,https://www.alodokter.com/komunitas/topic-tag/simvastatin
Sindrom Cushing,https://www.alodokter.com/komunitas/topic-tag/sindrom-cushing
Sindrom Guillain Barre,https://www.alodokter.com/komunitas/topic-tag/sindrom-guillain-barre
Sindrom Klinefelter,https://www.alodokter.com/komunitas/topic-tag/sindrom-klinefelter
Sindrom Marfan,https://www.alodokter.com/komunitas/topic-tag/sindrom-marfan
Sindrom Metabolik,https://www.alodokter.com/komunitas/topic-tag/sindrom-metabolik
Sindrom Mielodisplasia,https://www.alodokter.com/komunitas/topic-tag/sindrom-mielodisplasia
Sindrom Nefrotik,https://www.alodokter.com/komunitas/topic-tag/sindrom-nefrotik
Sindrom Raynaud,https://www.alodokter.com/komunitas/topic-tag/sindrom-raynaud
Sindrom Stevens Johnson,https://www.alodokter.com/komunitas/topic-tag/sindrom-stevens-johnson
Sindrom Tourette,https://www.alodokter.com/komunitas/topic-tag/sindrom-tourette
Sindrom Turner,https://www.alodokter.com/komunitas/topic-tag/sindrom-turner
Sinusitis,https://www.alodokter.com/komunitas/topic-tag/sinusitis
Sirosis,https://www.alodokter.com/komunitas/topic-tag/sirosis
Sirosis Hepatis,https://www.alodokter.com/komunitas/topic-tag/sirosis-hepatis
Sistem Endokrin,https://www.alodokter.com/komunitas/topic-tag/sistem-endokrin
Sistem Imun,https://www.alodokter.com/komunitas/topic-tag/sistem-imun
Sistem Integumen,https://www.alodokter.com/komunitas/topic-tag/sistem-integumen
Sistem Kardiovaskular,https://www.alodokter.com/komunitas/topic-tag/sistem-kardiovaskular
Sistem Muskuloskeletal,https://www.alodokter.com/komunitas/topic-tag/sistem-muskuloskeletal
Sistem Pencernaan,https://www.alodokter.com/komunitas/topic-tag/sistem-pencernaan
Sistem Pernapasan,https://www.alodokter.com/komunitas/topic-tag/sistem-pernapasan
Sistem Reproduksi,https://www.alodokter.com/komunitas/topic-tag/sistem-reproduksi
Sistem Saraf,https://www.alodokter.com/komunitas/topic-tag/sistem-saraf
Sistem Urinaria,https://www.alodokter.com/komunitas/topic-tag/sistem-urinaria
Sistokel,https://www.alodokter.com/komunitas/topic-tag/sistokel
Sistoskopi,https://www.alodokter.com/komunitas/topic-tag/sistoskopi
Skabies,https://www.alodokter.com/komunitas/topic-tag/skabies
Skiatika,https://www.alodokter.com/komunitas/topic-tag/skiatika
Skizofrenia,https://www.alodokter.com/komunitas/topic-tag/skizofrenia
Skizofrenia Paranoid,https://www.alodokter.com/komunitas/topic-tag/skizofrenia-paranoid
Skoliosis,https://www.alodokter.com/komunitas/topic-tag/skoliosis
Skrining Sifilis,https://www.alodokter.com/komunitas/topic-tag/skrining-sifilis
Sleep Apnea,https://www.alodokter.com/komunitas/topic-tag/sleep-apnea
Solar Keratosis,https://www.alodokter.com/komunitas/topic-tag/solar-keratosis
Solusio Plasenta,https://www.alodokter.com/komunitas/topic-tag/solusio-plasenta
Spasmofilia,https://www.alodokter.com/komunitas/topic-tag/spasmofilia
Spermatokel,https://www.alodokter.com/komunitas/topic-tag/spermatokel
Spina Bifida,https://www.alodokter.com/komunitas/topic-tag/spina-bifida
Spiramycin,https://www.alodokter.com/komunitas/topic-tag/spiramycin
Spironolactone,https://www.alodokter.com/komunitas/topic-tag/spironolactone
Splenomegali,https://www.alodokter.com/komunitas/topic-tag/splenomegali
Spondilosis Servikal,https://www.alodokter.com/komunitas/topic-tag/spondilosis-servikal
Spondylolisthesis,https://www.alodokter.com/komunitas/topic-tag/spondylolisthesis
Stem Cell,https://www.alodokter.com/komunitas/topic-tag/stem-cell
Stenosis Spinal,https://www.alodokter.com/komunitas/topic-tag/stenosis-spinal
Sterilisasi,https://www.alodokter.com/komunitas/topic-tag/sterilisasi
Stres,https://www.alodokter.com/komunitas/topic-tag/stres
Stretchmark,https://www.alodokter.com/komunitas/topic-tag/stretchmark
Striktur Uretra,https://www.alodokter.com/komunitas/topic-tag/striktur-uretra
Stroke,https://www.alodokter.com/komunitas/topic-tag/stroke
Stroke Hemoragik,https://www.alodokter.com/komunitas/topic-tag/stroke-hemoragik
Stunting,https://www.alodokter.com/komunitas/topic-tag/stunting
Suara Serak,https://www.alodokter.com/komunitas/topic-tag/suara-serak
Sukralfat,https://www.alodokter.com/komunitas/topic-tag/sukralfat
Sunat,https://www.alodokter.com/komunitas/topic-tag/sunat
Sunburn,https://www.alodokter.com/komunitas/topic-tag/sunburn
Suntik Kb 3Bulan,https://www.alodokter.com/komunitas/topic-tag/suntik-kb
Suplemen,https://www.alodokter.com/komunitas/topic-tag/suplemen
Susu,https://www.alodokter.com/komunitas/topic-tag/susu
Syaraf Terjepit,https://www.alodokter.com/komunitas/topic-tag/syaraf-terjepit
Syok,https://www.alodokter.com/komunitas/topic-tag/syok
Syok Anafilaktik,https://www.alodokter.com/komunitas/topic-tag/syok-anafilaktik
Syok Hipovolemik,https://www.alodokter.com/komunitas/topic-tag/syok-hipovolemik
Tadalafil,https://www.alodokter.com/komunitas/topic-tag/tadalafil
Tahi Lalat,https://www.alodokter.com/komunitas/topic-tag/tahi-lalat
Takikardia,https://www.alodokter.com/komunitas/topic-tag/takikardia
Tambal Gigi,https://www.alodokter.com/komunitas/topic-tag/tambal-gigi
Tamoxifen,https://www.alodokter.com/komunitas/topic-tag/tamoxifen
Tanda Lahir,https://www.alodokter.com/komunitas/topic-tag/tanda-lahir
Tbc,https://www.alodokter.com/komunitas/topic-tag/tbc
Tbc Tulang Belakang,https://www.alodokter.com/komunitas/topic-tag/tbc-tulang-belakang
Teh Jati Cina,https://www.alodokter.com/komunitas/topic-tag/teh-jati-cina
Tekanan Darah,https://www.alodokter.com/komunitas/topic-tag/tekanan-darah
Telat Haid,https://www.alodokter.com/komunitas/topic-tag/telat-haid
Telat Menstruasi,https://www.alodokter.com/komunitas/topic-tag/telat-menstruasi
Telinga,https://www.alodokter.com/komunitas/topic-tag/telinga
Telinga Berdenging,https://www.alodokter.com/komunitas/topic-tag/telinga-berdenging
Tendinitis,https://www.alodokter.com/komunitas/topic-tag/tendinitis
Teofilin,https://www.alodokter.com/komunitas/topic-tag/teofilin
Terapi Oksigen Hiperbarik,https://www.alodokter.com/komunitas/topic-tag/terapi-oksigen-hiperbarik
Terapi Penggantian Hormon,https://www.alodokter.com/komunitas/topic-tag/terapi-penggantian-hormon
Terapi Perilaku Kognitif,https://www.alodokter.com/komunitas/topic-tag/terapi-perilaku-kognitif
Tes Alergi,https://www.alodokter.com/komunitas/topic-tag/tes-alergi
Tes Covid 19,https://www.alodokter.com/komunitas/topic-tag/tes-covid
Tes Fungsi Paru,https://www.alodokter.com/komunitas/topic-tag/tes-fungsi-paru
Tes Hiv,https://www.alodokter.com/komunitas/topic-tag/tes-hiv
Tes Pendengaran,https://www.alodokter.com/komunitas/topic-tag/tes-pendengaran
Tes Urine,https://www.alodokter.com/komunitas/topic-tag/tes-urine
Testosterone,https://www.alodokter.com/komunitas/topic-tag/testosterone
Testpack,https://www.alodokter.com/komunitas/topic-tag/testpack
Tetanus,https://www.alodokter.com/komunitas/topic-tag/tetanus
Tetracycline,https://www.alodokter.com/komunitas/topic-tag/tetracycline
Tetralogy Of Fallot,https://www.alodokter.com/komunitas/topic-tag/tetralogy-of-fallot
Thalassemia,https://www.alodokter.com/komunitas/topic-tag/thalassemia
Thiamphenicol,https://www.alodokter.com/komunitas/topic-tag/thiamphenicol
Tia,https://www.alodokter.com/komunitas/topic-tag/tia
Tidur,https://www.alodokter.com/komunitas/topic-tag/tidur
Tifus,https://www.alodokter.com/komunitas/topic-tag/tifus
Tinea Capitis,https://www.alodokter.com/komunitas/topic-tag/tinea-capitis
Tinea Corporis,https://www.alodokter.com/komunitas/topic-tag/tinea-corporis
Tinea Cruris,https://www.alodokter.com/komunitas/topic-tag/tinea-cruris
Tinggi Badan,https://www.alodokter.com/komunitas/topic-tag/tinggi-badan
Tinnitus,https://www.alodokter.com/komunitas/topic-tag/tinnitus
Tiroiditis,https://www.alodokter.com/komunitas/topic-tag/tiroiditis
Tmj (Temporamandibular Junction),https://www.alodokter.com/komunitas/topic-tag/tmj
Tmj (Temporamandibular Junction),https://www.alodokter.com/komunitas/topic-tag/tmj-temporamandibular-junction
Toksoplasmosis,https://www.alodokter.com/komunitas/topic-tag/toksoplasmosis
Tongue Tie,https://www.alodokter.com/komunitas/topic-tag/tongue-tie
Tonsilitis,https://www.alodokter.com/komunitas/topic-tag/tonsilitis
Torsio Testis,https://www.alodokter.com/komunitas/topic-tag/torsio-testis
Tortikolis,https://www.alodokter.com/komunitas/topic-tag/tortikolis
Tramadol,https://www.alodokter.com/komunitas/topic-tag/tramadol
Transfusi Darah,https://www.alodokter.com/komunitas/topic-tag/transfusi-darah
Transgender,https://www.alodokter.com/komunitas/topic-tag/transgender
Transplantasi Ginjal,https://www.alodokter.com/komunitas/topic-tag/transplantasi-ginjal
Transplantasi Sumsum Tulang,https://www.alodokter.com/komunitas/topic-tag/transplantasi-sumsum-tulang
Trauma,https://www.alodokter.com/komunitas/topic-tag/trauma
Trauma Kepala Berat,https://www.alodokter.com/komunitas/topic-tag/trauma-kepala-berat
Trauma Kepala Ringan,https://www.alodokter.com/komunitas/topic-tag/trauma-kepala-ringan
Travel,https://www.alodokter.com/komunitas/topic-tag/travel
Tremor,https://www.alodokter.com/komunitas/topic-tag/tremor
Tretinoin,https://www.alodokter.com/komunitas/topic-tag/tretinoin
Triamcinolone,https://www.alodokter.com/komunitas/topic-tag/triamcinolone
Triamcinolone Semprot Hidung,https://www.alodokter.com/komunitas/topic-tag/triamcinolone-semprot-hidung
Trigeminal Neuralgia,https://www.alodokter.com/komunitas/topic-tag/trigeminal-neuralgia
Trigliserida,https://www.alodokter.com/komunitas/topic-tag/trigliserida
Trihexyphenidyl,https://www.alodokter.com/komunitas/topic-tag/trihexyphenidyl
Trikomoniasis,https://www.alodokter.com/komunitas/topic-tag/trikomoniasis
Trikotilomania,https://www.alodokter.com/komunitas/topic-tag/trikotilomania
Tromboflebitis,https://www.alodokter.com/komunitas/topic-tag/tromboflebitis
Trombosis Vena,https://www.alodokter.com/komunitas/topic-tag/trombosis-vena
Trombositopenia,https://www.alodokter.com/komunitas/topic-tag/trombositopenia
Trombositosis,https://www.alodokter.com/komunitas/topic-tag/trombositosis
Tubektomi,https://www.alodokter.com/komunitas/topic-tag/tubektomi
Tuberkulosis,https://www.alodokter.com/komunitas/topic-tag/tuberkulosis
Tukak Lambung,https://www.alodokter.com/komunitas/topic-tag/tukak-lambung
Tulang,https://www.alodokter.com/komunitas/topic-tag/tulang
Tumbuh Kembang,https://www.alodokter.com/komunitas/topic-tag/tumbuh-kembang
Tumor,https://www.alodokter.com/komunitas/topic-tag/tumor
Tumor Jinak Parotis,https://www.alodokter.com/komunitas/topic-tag/tumor-jinak-parotis
Tumor Kelenjar Air Liur,https://www.alodokter.com/komunitas/topic-tag/tumor-kelenjar-air-liur
Tumor Otak,https://www.alodokter.com/komunitas/topic-tag/tumor-otak
Tumor Pankreas,https://www.alodokter.com/komunitas/topic-tag/tumor-pankreas
Tumor Payudara,https://www.alodokter.com/komunitas/topic-tag/tumor-payudara
Turun Peranakan,https://www.alodokter.com/komunitas/topic-tag/turun-peranakan
Uji Fungsi Hati,https://www.alodokter.com/komunitas/topic-tag/uji-fungsi-hati
Ulkus Dekubitus,https://www.alodokter.com/komunitas/topic-tag/ulkus-dekubitus
Ulkus Duodenum,https://www.alodokter.com/komunitas/topic-tag/ulkus-duodenum
Ulkus Kornea,https://www.alodokter.com/komunitas/topic-tag/ulkus-kornea
Urtikaria,https://www.alodokter.com/komunitas/topic-tag/urtikaria
Usg,https://www.alodokter.com/komunitas/topic-tag/usg
Usg Program Hamil,https://www.alodokter.com/komunitas/topic-tag/usg-program-hamil
Usus Buntu,https://www.alodokter.com/komunitas/topic-tag/usus-buntu
Uveitis,https://www.alodokter.com/komunitas/topic-tag/uveitis
Uvulitis,https://www.alodokter.com/komunitas/topic-tag/uvulitis
Vagina,https://www.alodokter.com/komunitas/topic-tag/vagina
Vagina Gatal,https://www.alodokter.com/komunitas/topic-tag/vagina-gatal
Vaginismus,https://www.alodokter.com/komunitas/topic-tag/vaginismus
Vaginitis,https://www.alodokter.com/komunitas/topic-tag/vaginitis
Vaginosis,https://www.alodokter.com/komunitas/topic-tag/vaginosis
Vaginosis Bakterialis,https://www.alodokter.com/komunitas/topic-tag/vaginosis-bakterialis
Vaksin,https://www.alodokter.com/komunitas/topic-tag/vaksin
Vaksin Bcg,https://www.alodokter.com/komunitas/topic-tag/vaksin-bcg
Vaksin Campak,https://www.alodokter.com/komunitas/topic-tag/vaksin-campak
Vaksin Covid 19,https://www.alodokter.com/komunitas/topic-tag/vaksin-covid-19-1
Vaksin Dpt,https://www.alodokter.com/komunitas/topic-tag/vaksin-dpt
Vaksin Hepatitis B,https://www.alodokter.com/komunitas/topic-tag/vaksin-hepatitis-b
Vaksin Hpv,https://www.alodokter.com/komunitas/topic-tag/vaksin-hpv
Vaksin Influenza,https://www.alodokter.com/komunitas/topic-tag/vaksin-influenza
Vaksin Mmr,https://www.alodokter.com/komunitas/topic-tag/vaksin-mmr
Vaksin Polio,https://www.alodokter.com/komunitas/topic-tag/vaksin-polio
Vaksinasi,https://www.alodokter.com/komunitas/topic-tag/vaksinasi
Vaksinasi Difteri,https://www.alodokter.com/komunitas/topic-tag/vaksinasi-difteri
Valacyclovir,https://www.alodokter.com/komunitas/topic-tag/valacyclovir
Valsartan,https://www.alodokter.com/komunitas/topic-tag/valsartan
Varikokel,https://www.alodokter.com/komunitas/topic-tag/varikokel
Varises,https://www.alodokter.com/komunitas/topic-tag/varises
Varises Esofagus,https://www.alodokter.com/komunitas/topic-tag/varises-esofagus
Vasektomi,https://www.alodokter.com/komunitas/topic-tag/vasektomi
Vaskulitis,https://www.alodokter.com/komunitas/topic-tag/vaskulitis
Veneer Gigi,https://www.alodokter.com/komunitas/topic-tag/veneer-gigi
Vertigo,https://www.alodokter.com/komunitas/topic-tag/vertigo
Virus,https://www.alodokter.com/komunitas/topic-tag/virus
Virus Zika,https://www.alodokter.com/komunitas/topic-tag/virus-zika
Vitamin,https://www.alodokter.com/komunitas/topic-tag/vitamin
Vitamin A,https://www.alodokter.com/komunitas/topic-tag/vitamin-a
Vitamin B,https://www.alodokter.com/komunitas/topic-tag/vitamin-b
Vitamin B1,https://www.alodokter.com/komunitas/topic-tag/vitamin-b1
Vitamin B12,https://www.alodokter.com/komunitas/topic-tag/vitamin-b12
Vitamin B3,https://www.alodokter.com/komunitas/topic-tag/vitamin-b3
Vitamin B6,https://www.alodokter.com/komunitas/topic-tag/vitamin-b6
Vitamin B9,https://www.alodokter.com/komunitas/topic-tag/vitamin-b9
Vitamin C,https://www.alodokter.com/komunitas/topic-tag/vitamin-c
Vitamin D,https://www.alodokter.com/komunitas/topic-tag/vitamin-d
Vitamin E,https://www.alodokter.com/komunitas/topic-tag/vitamin-e
Vitamin K,https://www.alodokter.com/komunitas/topic-tag/vitamin-k
Vitiligo,https://www.alodokter.com/komunitas/topic-tag/vitiligo
Vulvitis,https://www.alodokter.com/komunitas/topic-tag/vulvitis
Wajah,https://www.alodokter.com/komunitas/topic-tag/wajah
Warfarin,https://www.alodokter.com/komunitas/topic-tag/warfarin
Wasir,https://www.alodokter.com/komunitas/topic-tag/wasir
Xanthelasma,https://www.alodokter.com/komunitas/topic-tag/xanthelasma
Xerophthalmia,https://www.alodokter.com/komunitas/topic-tag/xerophthalmia
Xerosis,https://www.alodokter.com/komunitas/topic-tag/xerosis
Zat Kimia,https://www.alodokter.com/komunitas/topic-tag/zat-kimia
Zinc Sulphate,https://www.alodokter.com/komunitas/topic-tag/zinc-sulphate
